Handle,REF,Nombre,Categoria,Descripci√≥n,Vendido por peso,Opci√≥n 1 nombre,Opci√≥n 1 valor,Opci√≥n 2 nombre,Opci√≥n 2 valor,Opci√≥n 3 nombre,Opci√≥n 3 valor,Coste,Codigo de barras,REF del componente,Cantidad del componente,Seguir el Inventario,Usar prodcucci√≥n,Proveedor,Costo de compra,Disponibles para la venta [Enigma Caf√© ],Precio [Enigma Caf√© ],En inventario [Enigma Caf√© ],Existencias bajas [Enigma Caf√© ],Stock √≥ptimo [Enigma Caf√© ]
aceite-de-girasol,10135,Aceite de Girasol,Condimentos y aceites,,Y,,,,,,,0.00,,,,Y,,,0.00,N,variable,0.000,1000.000,3000.000
aceite-de-oliva,10130,Aceite de Oliva,Condimentos y aceites,,Y,,,,,,,6.06,,,,Y,,,0.00,N,variable,-0.060,500.000,1500.000
aceite-vegetal,10136,Aceite Vegetal,Condimentos y aceites,,Y,,,,,,,2.63,,,,Y,,,2.63,N,variable,-2.520,1000.000,2000.000
adicional-frutas,10112,Adicional frutas,,,N,,,,,,,0.50,,,,N,,,,Y,1.00,,,
affogato,10018,Affogato,Cafe Frio,,N,,,,,,,,,10001,0.020,N,N,,,Y,3.50,,,
,,,,,,,,,,,,,,10019,0.200,,,,,,,,,
,,,,,,,,,,,,,,10020,0.015,,,,,,,,,
,,,,,,,,,,,,,,10141,0.010,,,,,,,,,
agua,10003,Agua (PQ de 12),Otras Bebidas,,N,,,,,,,7.40,,,,N,,,,N,1.00,,,
agua-embotellada,10252,Agua embotellada,Otras Bebidas,,N,,,,,,,,,10003,0.083,N,N,,,Y,1.00,,,
aguacate,10231,Aguacate,,,N,,,,,,,1.06,,,,N,,,,Y,variable,,,
ajo-en-polvo,10137,Ajo en Polvo,Condimentos y aceites,,N,,,,,,,0.25,,,,Y,,,0.25,N,variable,0.000,2.000,4.000
ajo,10182,Ajo Natural,Condimentos y aceites,,N,,,,,,,14.00,,,,N,,,,Y,variable,,,
albahaca,10140,Albahaca,Vegetales,,Y,,,,,,,1.25,,,,Y,,Verduras B.O,1.25,N,variable,-0.035,200.000,700.000
almendras-blancas,10141,Almendras Blancas,Chocolates & Toppings,,Y,,,,,,,16.00,,,,Y,,Reposteria B.O,16.00,N,variable,-0.046,100.000,500.000
amaretto,10020,Amaretto,"Licores, Esencias & Aromas",,Y,,,,,,,18.88,,,,Y,,,18.88,N,variable,-0.060,250.000,1250.000
americano-/-guayoyo,10006,Americano,Espressos,,N,,,,,,,,,10001,0.020,N,N,,,Y,1.00,,,
americano-para-llevar,10065,Americano llevar,Espressos,,N,,,,,,,,,10001,0.020,N,N,,,Y,1.50,,,
,,,,,,,,,,,,,,10068,1.000,,,,,,,,,
arequipe,10015,Arequipe,Pasteler√≠a ¬∑ Insumos base,,Y,,,,,,,4.00,,,,Y,,Reposteria B.O,4.00,N,variable,-4.160,1000.000,4000.000
azucar,10142,Azucar,"Secos ¬∑ Harinas, Az√∫cares & Leudantes",,Y,,,,,,,0.94,,,,Y,,Sra Yadira,0.94,N,variable,-6.603,2000.000,12000.000
azucar-morena,10143,Azucar Morena,"Secos ¬∑ Harinas, Az√∫cares & Leudantes",,Y,,,,,,,1.32,,,,Y,,,0.00,Y,variable,-1.414,,
az√∫car-pulverizada,10144,Az√∫car Pulverizada,"Secos ¬∑ Harinas, Az√∫cares & Leudantes",,Y,,,,,,,2.50,,,,Y,,,2.50,N,variable,-0.809,1000.000,3000.000
bagel,10113,Bagel Americano,Desayuno,,N,,,,,,,,,10187,1.000,N,N,,,Y,5.00,,,
,,,,,,,,,,,,,,10195,0.075,,,,,,,,,
,,,,,,,,,,,,,,10204,0.090,,,,,,,,,
,,,,,,,,,,,,,,10168,1.000,,,,,,,,,
,,,,,,,,,,,,,,10169,0.070,,,,,,,,,
,,,,,,,,,,,,,,10177,0.014,,,,,,,,,
,,,,,,,,,,,,,,10201,0.024,,,,,,,,,
,,,,,,,,,,,,,,10199,0.003,,,,,,,,,
,,,,,,,,,,,,,,10192,0.003,,,,,,,,,
bagel-de-aguacate,10232,Bagel De Aguacate,Desayuno,,N,,,,,,,,,10187,1.000,N,N,,,Y,variable,,,
,,,,,,,,,,,,,,10231,0.250,,,,,,,,,
,,,,,,,,,,,,,,10196,0.025,,,,,,,,,
,,,,,,,,,,,,,,10201,0.024,,,,,,,,,
,,,,,,,,,,,,,,10190,0.150,,,,,,,,,
,,,,,,,,,,,,,,10199,0.005,,,,,,,,,
,,,,,,,,,,,,,,10192,0.005,,,,,,,,,
,,,,,,,,,,,,,,10208,0.005,,,,,,,,,
,,,,,,,,,,,,,,10177,0.014,,,,,,,,,
bagel-mediterr√°neo,10114,Bagel Mediterr√°neo,Desayuno,,N,,,,,,,2.00,,,,N,,,,Y,5.00,,,
bagel-americano,10052,Bagel Sweet Bacon,Snacks,,N,,,,,,,,,10187,1.000,N,N,,,Y,5.00,,,
,,,,,,,,,,,,,,10195,0.050,,,,,,,,,
,,,,,,,,,,,,,,10177,0.014,,,,,,,,,
,,,,,,,,,,,,,,10180,0.024,,,,,,,,,
,,,,,,,,,,,,,,10168,2.000,,,,,,,,,
,,,,,,,,,,,,,,10204,0.090,,,,,,,,,
,,,,,,,,,,,,,,10192,0.003,,,,,,,,,
,,,,,,,,,,,,,,10199,0.003,,,,,,,,,
bananas-(10),10245,Bananas (10),Frutas & Vegetales (frescos/congelados),,N,,,,,,,0.80,,,,N,,,,Y,variable,,,
bandeja-brownie,10012,Bandeja Brownie,Produccion,"<p><font dir=""auto"" style=""vertical-align: inherit;""><font dir=""auto"" style=""vertical-align: inherit;"">Bandeja de Brownie de 6 Unidades</font></font></p>",N,,,,,,,,,10165,0.150,N,N,,,N,variable,,,
,,,,,,,,,,,,,,10146,0.150,,,,,,,,,
,,,,,,,,,,,,,,10142,0.400,,,,,,,,,
,,,,,,,,,,,,,,10177,0.400,,,,,,,,,
,,,,,,,,,,,,,,10168,7.000,,,,,,,,,
,,,,,,,,,,,,,,10193,0.004,,,,,,,,,
,,,,,,,,,,,,,,10145,0.003,,,,,,,,,
,,,,,,,,,,,,,,10153,0.600,,,,,,,,,
bicarbonato,10145,Bicarbonato,"Secos ¬∑ Harinas, Az√∫cares & Leudantes",,Y,,,,,,,4.00,,,,Y,,,0.00,N,variable,0.000,,
brownie,10034,Brownie,Postres,,N,,,,,,,,,10012,0.085,N,N,,,Y,3.00,,,
brownie-con-helado,10059,Brownie con Helado,Postres,,N,,,,,,,,,10034,1.000,N,N,,,Y,4.50,,,
,,,,,,,,,,,,,,10019,0.100,,,,,,,,,
,,,,,,,,,,,,,,10155,0.030,,,,,,,,,
brownie-prueba,10123,Brownie prueba,,,N,,,,,,,,,10012,0.166,N,N,,,Y,3.50,,,
cacao-nestl√©,10146,Cacao Nestl√©,Chocolates & Toppings,,Y,,,,,,,18.75,,,,Y,,Reposteria B.O,18.75,N,variable,998.680,1000.000,2000.000
cafe-bombon,10009,Cafe Bombon,Espressos,,N,,,,,,,,,10001,0.020,N,N,,,Y,1.50,,,
,,,,,,,,,,,,,,10008,0.060,,,,,,,,,
,,,,,,,,,,,,,,10002,0.004,,,,,,,,,
cafe-de-limon,10251,Cafe De Limon,,,N,,,,,,,,,10050,1.000,N,N,,,Y,variable,,,
,,,,,,,,,,,,,,10248,0.060,,,,,,,,,
,,,,,,,,,,,,,,10216,0.200,,,,,,,,,
,,,,,,,,,,,,,,10129,0.001,,,,,,,,,
,,,,,,,,,,,,,,10175,0.050,,,,,,,,,
cafe-de-mora,10243,Cafe De Mora,Caf√©,,N,,,,,,,,,10050,1.000,N,N,,,Y,variable,,,
,,,,,,,,,,,,,,10239,0.025,,,,,,,,,
latte-de-romero,10242,Cafe De Romero,Cafe con leche,,N,,,,,,,,,10050,1.000,N,N,,,Y,variable,,,
,,,,,,,,,,,,,,10238,0.020,,,,,,,,,
cafe-en-grano,10001,Caf√© en Grano,Caf√©,,Y,,,,,,,11.00,,,,Y,,Caf√© Oscar,11.00,N,variable,-13.918,5000.000,20000.000
latte,10000,Caf√© Latte Grande,Cafe con leche,,N,,,,,,,,,10001,0.020,N,N,,,Y,3.00,,,
,,,,,,,,,,,,,,10002,0.044,,,,,,,,,
latte-para-llevar,10062,Caf√© Latte llevar,Cafe con leche,,N,,,,,,,,,10001,0.020,N,N,,,Y,2.75,,,
,,,,,,,,,,,,,,10002,0.044,,,,,,,,,
,,,,,,,,,,,,,,10068,1.000,,,,,,,,,
caf√©-latte-peque√±o,10050,Caf√© Latte Peque√±o,Cafe con leche,,N,,,,,,,,,10001,0.010,N,N,,,Y,2.00,,,
,,,,,,,,,,,,,,10002,0.030,,,,,,,,,
caf√©-molido-500gr,10091,CafeÃÅ molido 500gr,,,N,,,,,,,2.50,,,,N,,,,Y,7.00,,,
canela,10147,Canela,Pasteler√≠a ¬∑ Insumos base,,Y,,,,,,,14.50,,,,Y,,Reposteria B.O,14.50,N,variable,-0.078,200.000,500.000
capuccino,10010,Capuccino Grande,Cafe con leche,,N,,,,,,,,,10001,0.020,N,N,,,Y,3.00,,,
,,,,,,,,,,,,,,10002,0.044,,,,,,,,,
capu-para-llevar,10064,Capuccino llevar,Cafe con leche,,N,,,,,,,,,10002,0.044,N,N,,,Y,2.75,,,
,,,,,,,,,,,,,,10001,0.020,,,,,,,,,
,,,,,,,,,,,,,,10068,1.000,,,,,,,,,
capuccino-peque√±o,10011,Capuccino Peque√±o,Cafe con leche,,N,,,,,,,,,10001,0.010,N,N,,,Y,2.00,,,
,,,,,,,,,,,,,,10002,0.030,,,,,,,,,
cebolla,10148,Cebolla,Frutas & Vegetales (frescos/congelados),,Y,,,,,,,0.75,,,,Y,,Verduras B.O,0.75,N,variable,0.000,500.000,2000.000
cerezas,10149,Cerezas,Chocolates & Toppings,,Y,,,,,,,8.00,,,,Y,,Reposteria B.O,8.00,N,variable,-0.306,250.000,1500.000
chantilly-1,10067,Chantilly,L√°cteos & Cremas,,N,,,,,,,6.32,,,,Y,,Reposteria B.O,0.00,N,0.50,-1.190,,
chocolate-caliente,10039,Chocolate Caliente,Otras Bebidas,,N,,,,,,,,,10040,1.000,N,N,,,Y,4.00,,,
,,,,,,,,,,,,,,10002,0.044,,,,,,,,,
,,,,,,,,,,,,,,10205,0.030,,,,,,,,,
chocolate-decoraci√≥n,10150,Chocolate Decoraci√≥n,Chocolates & Toppings,,Y,,,,,,,2.91,,,,Y,,Sra Yadira,2.91,N,variable,0.000,1000.000,5000.000
chocolate-en-barra-blanco-(kron),10151,Chocolate en barra Blanco (Kron),Chocolates & Toppings,,Y,,,,,,,11.00,,,,Y,,Reposteria B.O,11.00,N,variable,0.000,1000.000,3000.000
chocolate-en-barra-marr√≥n-claro-(kron),10152,Chocolate en barra marr√≥n claro (Kron),Chocolates & Toppings,,Y,,,,,,,11.00,,,,Y,,Reposteria B.O,11.00,N,variable,0.000,1000.000,3000.000
chocolate-en-barra-marr√≥n-oscuro-(kron),10153,Chocolate en barra Marr√≥n oscuro (Kron),Chocolates & Toppings,,Y,,,,,,,11.00,,,,Y,,Reposteria B.O,11.00,N,variable,-4.303,1000.000,3000.000
chocolate-en-gota-kron,10154,Chocolate en gota kron,Chocolates & Toppings,,Y,,,,,,,11.00,,,,Y,,Reposteria B.O,11.00,N,variable,0.000,1000.000,3000.000
chocolate-frio,10041,Chocolate Frio,Otras Bebidas,,N,,,,,,,,,10002,0.044,N,N,,,Y,4.00,,,
,,,,,,,,,,,,,,10205,0.030,,,,,,,,,
chocolate-hersheys,10155,Chocolate Hersheys,Chocolates & Toppings,,Y,,,,,,,14.00,,,,Y,,Bodegon White Market,14.00,N,variable,-4.850,1360.000,3900.000
cilantro,10156,Cilantro,Frutas & Vegetales (frescos/congelados),,Y,,,,,,,2.50,,,,Y,,Verduras B.O,2.50,N,variable,0.000,200.000,1000.000
coca-cola-(pq-de-16),10228,Coca Cola (PQ de 16),,,N,,,,,,,9.25,,,,N,,,,N,variable,,,
coca-cola-zero-(pq-de-12),10227,Coca Cola zero (PQ de 12),,,N,,,,,,,8.00,,,,N,,,,N,variable,,,
coca-cola,10055,Coca-Cola,Otras Bebidas,,N,,,,,,,,,10228,0.063,N,N,,,Y,1.50,,,
coca-cola-zero,10111,Coca-Cola Zero,,,N,,,,,,,,,10227,0.084,N,N,,,Y,1.50,,,
cocoa-caliente-‚ùÑÔ∏è,10138,Cocoa caliente ‚ùÑÔ∏è ‚ú®,,,N,,,,,,,0.00,,,,N,,,,Y,3.50,,,
cocosete,10157,Cocosete,Chocolates & Toppings,,N,,,,,,,0.00,,,,Y,,Confiteria Sebas,,N,variable,0.000,,
cocosette,10032,Cocosette,Ingredientes,,N,,,,,,,0.35,,,,Y,,,0.00,N,variable,-5.000,,
colorante-rojo,10158,Colorante Rojo,Pasteler√≠a ¬∑ Insumos base,,N,,,,,,,1.40,,,,Y,,Reposteria B.O,1.40,N,variable,-1.494,1.000,4.000
colorante-rosa,10159,Colorante Rosa,Pasteler√≠a ¬∑ Insumos base,,N,,,,,,,1.40,,,,Y,,Reposteria B.O,1.40,N,variable,-0.015,1.000,5.000
combo-panini-+-caf√©,10081,Combo Panini + Caf√©,,,N,,,,,,,3.00,,,,N,,,,Y,6.00,,,
combo-teque√±os-+-caf√©,10045,Combo Teque√±os + Caf√©,Snacks,,N,,,,,,,,,10038,1.000,N,N,,,Y,4.00,,,
,,,,,,,,,,,,,,10050,1.000,,,,,,,,,
cookies-bru-con-helado-üç™üç®,10089,Cookies bru con Helado üç™üç®,,,N,,,,,,,0.00,,,,N,,,,Y,5.50,,,
cookis-bru-üç™,10070,Cookis bru üç™,,,N,,,,,,,4.00,,,,N,,,,Y,5.00,,,
copa-de-helado,10061,Copa de Helado,Postres,,N,,,,,,,,,10019,0.200,N,N,,,Y,3.50,,,
,,,,,,,,,,,,,,10015,0.030,,,,,,,,,
,,,,,,,,,,,,,,10008,0.030,,,,,,,,,
,,,,,,,,,,,,,,10155,0.030,,,,,,,,,
cream-cheese-(10und.),10247,Cream Cheese (10und.),Chocolates & Toppings,,N,,,,,,,,,10194,0.225,N,N,,,Y,variable,,,
,,,,,,,,,,,,,,10209,0.111,,,,,,,,,
,,,,,,,,,,,,,,10129,0.111,,,,,,,,,
crema-de-leche-latti,10048,crema de leche latti,L√°cteos & Cremas,,N,,,,,,,0.75,,,,Y,,,0.75,N,variable,-1.596,2.000,6.000
delivery,10090,Delivery,,,N,,,,,,,0.00,,,,N,,,,Y,1.50,,,
enigma-rosa,10051,Enigma Rosa Grande,Cafe con leche,,N,,,,,,,,,10001,0.020,N,N,,,Y,4.00,,,
,,,,,,,,,,,,,,10015,0.060,,,,,,,,,
,,,,,,,,,,,,,,10002,0.044,,,,,,,,,
,,,,,,,,,,,,,,10159,0.001,,,,,,,,,
,,,,,,,,,,,,,,10149,0.034,,,,,,,,,
enigma-rosa-peque√±o,10066,Enigma rosa peque√±o,Cafe con leche,,N,,,,,,,,,10001,0.010,N,N,,,Y,3.00,,,
,,,,,,,,,,,,,,10002,0.030,,,,,,,,,
,,,,,,,,,,,,,,10015,0.030,,,,,,,,,
,,,,,,,,,,,,,,10149,0.017,,,,,,,,,
,,,,,,,,,,,,,,10159,0.001,,,,,,,,,
ensalada-campestre,10132,Ensalada Campestre,Ensaladas,,N,,,,,,,0.00,,,,N,,,,Y,6.50,,,
ensalada-capresa,10133,Ensalada Capresa,Ensaladas,,N,,,,,,,0.00,,,,N,,,,Y,6.00,,,
ensalada-c√©sar,10131,Ensalada C√©sar,Ensaladas,,N,,,,,,,,,10190,0.150,N,N,,,Y,6.50,,,
,,,,,,,,,,,,,,10173,0.500,,,,,,,,,
,,,,,,,,,,,,,,10204,0.135,,,,,,,,,
,,,,,,,,,,,,,,10197,0.010,,,,,,,,,
,,,,,,,,,,,,,,10186,0.250,,,,,,,,,
,,,,,,,,,,,,,,10234,0.040,,,,,,,,,
ensalada-enigma,10134,Ensalada Enigma,,,N,,,,,,,0.00,,,,N,,,,Y,6.00,,,
esencia-de-cereza,10160,Esencia De Cereza,Pasteler√≠a ¬∑ Insumos base,,N,,,,,,,0.00,,,,Y,,Reposteria B.O,0.00,N,variable,0.000,,
esencia-de-limon,10248,Esencia De Limon,,,N,,,,,,,,,10142,1.000,N,N,,,N,variable,,,
,,,,,,,,,,,,,,10175,0.500,,,,,,,,,
,,,,,,,,,,,,,,10129,0.025,,,,,,,,,
,,,,,,,,,,,,,,10199,0.025,,,,,,,,,
esencia-de-mora,10239,Esencia De Mora,Condimentos y aceites,,N,,,,,,,,,10181,1.000,N,N,,,Y,variable,,,
,,,,,,,,,,,,,,10142,0.175,,,,,,,,,
,,,,,,,,,,,,,,10129,0.025,,,,,,,,,
,,,,,,,,,,,,,,10183,1.000,,,,,,,,,
,,,,,,,,,,,,,,10199,0.025,,,,,,,,,
esencia-de-romero,10238,Esencia De Romero,Condimentos y aceites,,N,,,,,,,,,10237,0.200,N,N,,,Y,variable,,,
,,,,,,,,,,,,,,10180,1.000,,,,,,,,,
,,,,,,,,,,,,,,10199,0.025,,,,,,,,,
espinaca,10161,Espinaca,Frutas & Vegetales (frescos/congelados),,Y,,,,,,,1.75,,,,Y,,Verduras B.O,1.75,N,variable,0.000,200.000,500.000
espresso,10004,Espresso,Espressos,,N,,,,,,,,,10001,0.020,N,N,,,Y,1.00,,,
extra-arequipe,10097,Extra arequipe,,,N,,,,,,,0.30,,,,N,,,,Y,0.50,,,
extra-chocolate,10096,Extra chocolate,,,N,,,,,,,0.20,,,,N,,,,Y,0.50,,,
chantilly,10057,Extra de Chantilly,L√°cteos & Cremas,,N,,,,,,,,,10067,0.010,N,N,,,Y,variable,,,
extra-leche-condensada,10098,Extra leche condensada,,,N,,,,,,,0.30,,,,N,,,,Y,0.50,,,
frappe-frutos-amarillos,10027,Frappe Frutos Amarillos,Otras Bebidas,,N,,,,,,,,,10021,0.060,N,N,,,Y,3.00,,,
,,,,,,,,,,,,,,10183,0.100,,,,,,,,,
frappe-frutos-rojos,10035,Frappe Frutos Rojos,Otras Bebidas,,N,,,,,,,,,10022,0.060,N,N,,,Y,3.00,,,
,,,,,,,,,,,,,,10162,0.005,,,,,,,,,
,,,,,,,,,,,,,,10163,0.050,,,,,,,,,
frappe-manzana-verde,10049,Frappe Manzana Verde,Otras Bebidas,,N,,,,,,,,,10023,0.060,N,N,,,Y,3.00,,,
,,,,,,,,,,,,,,10175,0.100,,,,,,,,,
frappuchino-arequipe,10026,Frappuchino Arequipe,Cafe Frio,,N,,,,,,,,,10001,0.020,N,N,,,Y,4.00,,,
,,,,,,,,,,,,,,10019,0.100,,,,,,,,,
,,,,,,,,,,,,,,10015,0.060,,,,,,,,,
,,,,,,,,,,,,,,10002,0.008,,,,,,,,,
frappuchino-chocolate,10028,Frappuchino Chocolate,Cafe Frio,,N,,,,,,,,,10001,0.020,N,N,,,Y,4.00,,,
,,,,,,,,,,,,,,10002,0.008,,,,,,,,,
,,,,,,,,,,,,,,10019,0.100,,,,,,,,,
,,,,,,,,,,,,,,10155,0.060,,,,,,,,,
frappuchino,10025,Frappuchino Clasico,Cafe Frio,,N,,,,,,,,,10001,0.020,N,N,,,Y,3.00,,,
,,,,,,,,,,,,,,10002,0.008,,,,,,,,,
,,,,,,,,,,,,,,10142,0.020,,,,,,,,,
,,,,,,,,,,,,,,10207,0.005,,,,,,,,,
frappuchino-frutos-rojos,10073,Frappuchino Frutos Rojos,,,N,,,,,,,,,10162,0.050,N,N,,,Y,4.00,,,
,,,,,,,,,,,,,,10179,0.050,,,,,,,,,
,,,,,,,,,,,,,,10019,0.100,,,,,,,,,
,,,,,,,,,,,,,,10001,0.020,,,,,,,,,
,,,,,,,,,,,,,,10002,0.008,,,,,,,,,
,,,,,,,,,,,,,,10008,0.060,,,,,,,,,
,,,,,,,,,,,,,,10022,0.060,,,,,,,,,
frappuchino-vainilla,10072,Frappuchino Vainilla,Cafe Frio,,N,,,,,,,,,10001,0.020,N,N,,,Y,3.50,,,
,,,,,,,,,,,,,,10002,0.008,,,,,,,,,
,,,,,,,,,,,,,,10019,0.100,,,,,,,,,
,,,,,,,,,,,,,,10129,0.002,,,,,,,,,
frapuccino-griego,10076,Frapuccino Griego,Cafe Frio,,N,,,,,,,,,10172,0.060,N,N,,,Y,4.50,,,
,,,,,,,,,,,,,,10001,0.020,,,,,,,,,
,,,,,,,,,,,,,,10209,0.100,,,,,,,,,
,,,,,,,,,,,,,,10146,0.003,,,,,,,,,
fresa,10162,Fresa,Frutas & Vegetales (frescos/congelados),,Y,,,,,,,2.25,,,,Y,,Verduras B.O,2.25,N,variable,-3.155,1000.000,2000.000
fresa-congelada,10163,Fresa Congelada,Frutas & Vegetales (frescos/congelados),,Y,,,,,,,2.25,,,,Y,,,2.25,N,variable,-1.050,1000.000,5000.000
fresas-con-crema,10099,Fresas con crema,Postres,,N,,,,,,,2.00,,,,N,,,,Y,4.00,,,
galleta,10088,Galleta,Postres,,N,,,,,,,,,10218,0.100,N,N,,,Y,1.50,,,
galleta-cortes√≠a-pago-efectivo,10101,Galleta cortes√≠a pago efectivo,,,N,,,,,,,0.00,,,,N,,,,Y,0.00,,,
galleta-especial,10105,Galleta especial,Postres,,N,,,,,,,,,10218,0.100,N,N,,,Y,2.00,,,
,,,,,,,,,,,,,,10153,0.005,,,,,,,,,
galletas-de-jengibre-(pq.-40unid.),10240,Galletas De Jengibre (Pq. 40unid.),,,N,,,,,,,,,10177,0.140,N,N,,,Y,variable,,,
,,,,,,,,,,,,,,10143,0.040,,,,,,,,,
,,,,,,,,,,,,,,10142,0.020,,,,,,,,,
,,,,,,,,,,,,,,10180,0.075,,,,,,,,,
,,,,,,,,,,,,,,10168,2.000,,,,,,,,,
,,,,,,,,,,,,,,10170,0.020,,,,,,,,,
,,,,,,,,,,,,,,10147,0.010,,,,,,,,,
,,,,,,,,,,,,,,10216,1.000,,,,,,,,,
,,,,,,,,,,,,,,10174,0.010,,,,,,,,,
,,,,,,,,,,,,,,10199,0.005,,,,,,,,,
,,,,,,,,,,,,,,10165,0.300,,,,,,,,,
,,,,,,,,,,,,,,10144,0.120,,,,,,,,,
galletas-dulces-detalles-üç™‚ù§Ô∏è‚Äçü©π,10126,Galletas Dulces detalles üç™‚ù§Ô∏è‚Äçü©π,,,N,,,,,,,4.00,,,,N,,,,Y,4.00,,,
glaseado-de-los-roll,10258,Glaseado De Los Roll,,,N,,,,,,,,,10194,0.500,N,N,,,N,variable,,,
,,,,,,,,,,,,,,10177,0.200,,,,,,,,,
,,,,,,,,,,,,,,10144,0.300,,,,,,,,,
,,,,,,,,,,,,,,10129,0.010,,,,,,,,,
granola,10164,Granola,Chocolates & Toppings,,Y,,,,,,,16.00,,,,Y,,Yogurt,0.00,N,variable,0.000,,
guayoyo,10047,Guayoyo,Espressos,,N,,,,,,,,,10001,0.020,N,N,,,Y,1.00,,,
harina-trigo-leudante,10165,Harina Trigo Leudante,"Secos ¬∑ Harinas, Az√∫cares & Leudantes",,Y,,,,,,,0.60,,,,Y,,Sra Yadira,0.60,N,variable,-5.721,3000.000,12000.000
helado,10019,Helado Vainilla,Helados & Congelados,,Y,,,,,,,3.54,,,,Y,,,3.54,N,3.54,-26.350,5000.000,20000.000
hielo,10166,Hielo,Helados & Congelados,,Y,,,,,,,0.00,,,,N,,,,N,variable,,,
hierbabuena-1,10167,Hierbabuena,Frutas & Vegetales (frescos/congelados),,Y,,,,,,,1.32,,,,Y,,Verduras B.O,1.25,N,variable,-0.240,200.000,500.000
huevos,10168,Huevos,Huevos,,N,,,,,,,0.13,,,,Y,,Tienda Huevos Esquina,0.13,N,variable,-157.307,15.000,45.000
huevos-de-la-casa-fritos,10118,Huevos de la casa Fritos,Desayuno,,N,,,,,,,,,10168,2.000,N,N,,,Y,4.50,,,
,,,,,,,,,,,,,,10186,0.500,,,,,,,,,
,,,,,,,,,,,,,,10199,0.001,,,,,,,,,
,,,,,,,,,,,,,,10192,0.001,,,,,,,,,
,,,,,,,,,,,,,,10259,0.001,,,,,,,,,
,,,,,,,,,,,,,,10177,0.025,,,,,,,,,
huevos-de-la-casa-omelette,10116,Huevos de la Casa Omelette,Desayuno,,N,,,,,,,,,10186,0.500,N,N,,,Y,4.50,,,
,,,,,,,,,,,,,,10168,2.000,,,,,,,,,
,,,,,,,,,,,,,,10199,0.001,,,,,,,,,
,,,,,,,,,,,,,,10192,0.001,,,,,,,,,
,,,,,,,,,,,,,,10259,0.001,,,,,,,,,
,,,,,,,,,,,,,,10177,0.025,,,,,,,,,
huevos-de-la-casa-revueltos,10117,Huevos de la casa Revueltos,,,N,,,,,,,,,10186,0.500,N,N,,,Y,4.50,,,
,,,,,,,,,,,,,,10168,2.000,,,,,,,,,
,,,,,,,,,,,,,,10199,0.001,,,,,,,,,
,,,,,,,,,,,,,,10192,0.001,,,,,,,,,
,,,,,,,,,,,,,,10259,0.001,,,,,,,,,
,,,,,,,,,,,,,,10177,0.025,,,,,,,,,
huevos-napolitanos,10054,Huevos Napolitanos,Desayuno,,N,,,,,,,2.50,,,,N,,,,Y,5.00,,,
huevos-turcos,10115,Huevos Turcos,Desayuno,,N,,,,,,,,,10186,0.500,N,N,,,Y,5.00,,,
,,,,,,,,,,,,,,10168,2.000,,,,,,,,,
,,,,,,,,,,,,,,10200,0.020,,,,,,,,,
,,,,,,,,,,,,,,10209,0.110,,,,,,,,,
,,,,,,,,,,,,,,10199,0.003,,,,,,,,,
,,,,,,,,,,,,,,10192,0.003,,,,,,,,,
ice-americano,10094,Ice americano,Espressos,,N,,,,,,,,,10001,0.020,N,N,,,Y,1.50,,,
ice-caramelo,10093,Ice caramelo,Cafe Frio,,N,,,,,,,,,10002,0.027,N,N,,,Y,3.50,,,
,,,,,,,,,,,,,,10001,0.020,,,,,,,,,
,,,,,,,,,,,,,,10015,0.060,,,,,,,,,
ice-mocaccino,10017,Ice Chocolate,Cafe Frio,,N,,,,,,,,,10001,0.020,N,N,,,Y,3.50,,,
,,,,,,,,,,,,,,10002,0.027,,,,,,,,,
,,,,,,,,,,,,,,10205,0.022,,,,,,,,,
ice-coffee-coke,10075,Ice Coffee Coke,Cafe Frio,,N,,,,,,,,,10001,0.020,N,N,,,Y,2.50,,,
,,,,,,,,,,,,,,10055,1.000,,,,,,,,,
ice-latte,10016,Ice Latte,Cafe Frio,,N,,,,,,,,,10001,0.020,N,N,,,Y,2.50,,,
,,,,,,,,,,,,,,10002,0.027,,,,,,,,,
,,,,,,,,,,,,,,10142,0.040,,,,,,,,,
,,,,,,,,,,,,,,10129,0.005,,,,,,,,,
jamon-ahumado,10230,Jamon Ahumado,Carnes & Embutidos,,N,,,,,,,12.53,,,,N,,,,N,variable,,,
jam√≥n-pierna,10169,Jam√≥n Pierna,Carnes & Embutidos,,Y,,,,,,,9.50,,,,Y,,Carniceria,9.50,N,variable,-1.960,250.000,1000.000
jengibre,10170,Jengibre,Frutas & Vegetales (frescos/congelados),,Y,,,,,,,5.50,,,,Y,,,5.50,N,variable,-0.022,,
laurel-en-hoja,10171,Laurel en Hoja,Condimentos y aceites,,N,,,,,,,0.25,,,,Y,,Verduras B.O,0.25,N,variable,0.000,1.000,2.000
leche-condensada,10008,Leche condensada,L√°cteos & Cremas,,Y,,,,,,,4.00,,,,Y,,Reposteria B.O,4.00,N,variable,-3.174,1000.000,5000.000
leche-deslactosada,10056,Leche de Almendras,L√°cteos & Cremas,,N,,,,,,,0.50,,,,Y,,,0.00,Y,1.00,0.000,,
leche-de-avena,10095,Leche de Avena,L√°cteos & Cremas,,N,,,,,,,0.00,,,,N,,,,Y,1.00,,,
leche-deslactosada-1,10172,Leche Deslactosada,L√°cteos & Cremas,,Y,,,,,,,1.08,,,,Y,,Sra Yadira,1.08,N,variable,-0.120,3000.000,6000.000
leche-en-polvo,10002,Leche en Polvo,L√°cteos & Cremas,,Y,,,,,,,7.44,,,,Y,,,7.44,N,variable,-29.936,5000.000,15000.000
lechuga-crespa,10173,Lechuga Crespa,Frutas & Vegetales (frescos/congelados),,N,,,,,,,0.25,,,,Y,,Verduras B.O,0.25,N,variable,-5.050,1.000,3.000
levadura,10174,Levadura,"Secos ¬∑ Harinas, Az√∫cares & Leudantes",,Y,,,,,,,7.50,,,,Y,,Reposteria B.O,7.50,N,variable,0.000,100.000,500.000
limonada-caf√©,10110,Limonada caf√©,,,N,,,,,,,,,10175,0.300,N,N,,,Y,3.00,,,
,,,,,,,,,,,,,,10142,0.015,,,,,,,,,
,,,,,,,,,,,,,,10001,0.020,,,,,,,,,
limonada,10043,Limonada clasica,Otras Bebidas,,N,,,,,,,,,10175,0.300,N,N,,,Y,2.50,,,
,,,,,,,,,,,,,,10142,0.015,,,,,,,,,
limonada-hierbabuena,10109,Limonada hierbabuena,,,N,,,,,,,,,10175,0.300,N,N,,,Y,3.00,,,
,,,,,,,,,,,,,,10167,0.015,,,,,,,,,
,,,,,,,,,,,,,,10142,0.015,,,,,,,,,
limones,10175,Limones,Frutas & Vegetales (frescos/congelados),,Y,,,,,,,1.25,,,,Y,,Verduras B.O,1.25,N,variable,-8.700,,
machiatto,10007,Machiatto,Espressos,,N,,,,,,,,,10001,0.020,N,N,,,Y,1.50,,,
,,,,,,,,,,,,,,10002,0.004,,,,,,,,,
mango-pulpa,10211,Mango Pulpa,Frutas & Vegetales (frescos/congelados),,Y,,,,,,,2.50,,,,Y,,Verduras B.O,2.50,N,variable,0.000,500.000,1500.000
mani,10176,Mani,Chocolates & Toppings,,Y,,,,,,,5.00,,,,Y,,Reposteria B.O,5.00,N,variable,-0.352,200.000,1000.000
mantequilla-sin-sal,10177,Mantequilla sin Sal,L√°cteos & Cremas,,Y,,,,,,,2.66,,,,Y,,,2.66,N,variable,-4.362,1000.000,10000.000
marquesa,10102,Marquesa,Postres,,N,,,,,,,1.50,,,,N,,,,Y,3.50,,,
marquesa--y-cafe,10124,marquesa  y cafe,,,N,,,,,,,0.00,,,,N,,,,Y,4.00,,,
marshmelo,10040,Marshmallows,Chocolates & Toppings,,N,,,,,,,0.10,,,,Y,,,2.50,N,variable,-25.000,,
masa-de-galletas,10218,Masa De Galletas,,,N,,,,,,,,,10165,0.250,N,N,,,N,variable,,,
,,,,,,,,,,,,,,10168,1.000,,,,,,,,,
,,,,,,,,,,,,,,10142,0.100,,,,,,,,,
,,,,,,,,,,,,,,10143,0.060,,,,,,,,,
,,,,,,,,,,,,,,10177,0.120,,,,,,,,,
,,,,,,,,,,,,,,10199,0.005,,,,,,,,,
,,,,,,,,,,,,,,10207,0.005,,,,,,,,,
,,,,,,,,,,,,,,10153,0.070,,,,,,,,,
masa-de-waffles,10106,Masa de Waffles,Preparaciones,,Y,,,,,,,0.96,,10168,2.000,N,Y,,,N,variable,-5.060,,
,,,,,,,,,,,,,,10002,0.064,,,,,,,,,
,,,,,,,,,,,,,,10142,0.036,,,,,,,,,
,,,,,,,,,,,,,,10207,0.010,,,,,,,,,
,,,,,,,,,,,,,,10165,0.250,,,,,,,,,
matcha-latte,10086,Matcha Latte,Otras Bebidas,,N,,,,,,,,,10050,1.000,N,N,,,Y,2.00,,,
,,,,,,,,,,,,,,10202,0.012,,,,,,,,,
mayonesa,10125,Mayonesa,Condimentos y aceites,,Y,,,,,,,2.46,,,,N,,,,N,variable,,,
merengada-arequipe,10031,Merengada Arequipe,Merengada,,N,,,,,,,,,10019,0.200,N,N,,,Y,5.00,,,
,,,,,,,,,,,,,,10002,0.008,,,,,,,,,
,,,,,,,,,,,,,,10015,0.060,,,,,,,,,
merengada-choco-brownie,10036,Merengada Choco-Brownie,Merengada,,N,,,,,,,,,10019,0.200,N,N,,,Y,6.00,,,
,,,,,,,,,,,,,,10002,0.008,,,,,,,,,
,,,,,,,,,,,,,,10155,0.060,,,,,,,,,
,,,,,,,,,,,,,,10034,1.000,,,,,,,,,
merengada-cocosette,10033,Merengada Cocosette,Merengada,,N,,,,,,,,,10002,0.008,N,N,,,Y,5.00,,,
,,,,,,,,,,,,,,10015,0.060,,,,,,,,,
,,,,,,,,,,,,,,10019,0.200,,,,,,,,,
,,,,,,,,,,,,,,10032,1.000,,,,,,,,,
merengada-fresa,10087,Merengada Fresa,Merengada,,N,,,,,,,,,10002,0.008,N,N,,,Y,5.00,,,
,,,,,,,,,,,,,,10008,0.060,,,,,,,,,
,,,,,,,,,,,,,,10019,0.200,,,,,,,,,
,,,,,,,,,,,,,,10022,0.060,,,,,,,,,
,,,,,,,,,,,,,,10162,0.100,,,,,,,,,
merengada-oreo,10030,Merengada Oreo,Merengada,,N,,,,,,,,,10002,0.008,N,N,,,Y,5.00,,,
,,,,,,,,,,,,,,10155,0.060,,,,,,,,,
,,,,,,,,,,,,,,10019,0.200,,,,,,,,,
,,,,,,,,,,,,,,10029,1.000,,,,,,,,,
mermelada-de-fresa,10178,Mermelada de Fresa,Frutas & Vegetales (frescos/congelados),,Y,,,,,,,,,10162,0.100,N,N,,,N,variable,,,
mezcla-de-yogurt-griego-(4unid.),10254,Mezcla De Yogurt Griego (4unid.),,,N,,,,,,,,,10209,0.120,N,N,,,N,variable,,,
,,,,,,,,,,,,,,10180,0.005,,,,,,,,,
,,,,,,,,,,,,,,10175,0.200,,,,,,,,,
,,,,,,,,,,,,,,10199,0.005,,,,,,,,,
,,,,,,,,,,,,,,10129,0.005,,,,,,,,,
miel-1,10180,Miel,Chocolates & Toppings,,Y,,,,,,,2.41,,,,Y,,,2.41,N,variable,-0.243,1000.000,4200.000
mocacchino,10013,Mocacchino Grande,Cafe con leche,,N,,,,,,,,,10001,0.020,N,N,,,Y,3.50,,,
,,,,,,,,,,,,,,10002,0.044,,,,,,,,,
,,,,,,,,,,,,,,10205,0.030,,,,,,,,,
mocacchino-llevar,10071,Mocacchino Llevar,Cafe con leche,,N,,,,,,,,,10001,0.020,N,N,,,Y,3.25,,,
,,,,,,,,,,,,,,10002,0.060,,,,,,,,,
mocacchino-peque√±o,10014,Mocacchino Peque√±o,Cafe con leche,,N,,,,,,,,,10001,0.010,N,N,,,Y,2.50,,,
,,,,,,,,,,,,,,10002,0.030,,,,,,,,,
,,,,,,,,,,,,,,10205,0.015,,,,,,,,,
mora,10179,Mora,Frutas & Vegetales (frescos/congelados),,Y,,,,,,,1.00,,,,Y,,Verduras B.O,1.00,N,variable,-0.400,1000.000,3.000
mora-congelada,10181,Mora Congelada,Frutas & Vegetales (frescos/congelados),,Y,,,,,,,1.00,,,,Y,,Verduras B.O,1.00,N,variable,0.000,1000.000,3000.000
mostaza-1,10235,Mostaza,,,N,,,,,,,25.00,,,,N,,,,Y,variable,,,
naranjas,10183,Naranjas,Frutas & Vegetales (frescos/congelados),,Y,,,,,,,0.53,,,,Y,,Verduras B.O,0.25,N,variable,-2.600,2000.000,4000.000
nestea,10184,Nestea,Ingredientes,,Y,,,,,,,13.63,,,,Y,,,13.63,N,variable,0.000,500.000,2000.000
nueces,10185,Nueces,Chocolates & Toppings,,Y,,,,,,,19.00,,,,Y,,Reposteria B.O,19.00,N,variable,-0.242,100.000,500.000
nuez-moscada,10216,Nuez Moscada,Ingredientes,,N,,,,,,,0.14,,,,N,,,,N,variable,,,
omele,10139,Omele,,,N,,,,,,,2.76,,10231,0.250,N,Y,,,Y,variable,0.000,,
,,,,,,,,,,,,,,10195,0.050,,,,,,,,,
,,,,,,,,,,,,,,10169,0.035,,,,,,,,,
,,,,,,,,,,,,,,10204,0.090,,,,,,,,,
,,,,,,,,,,,,,,10236,0.500,,,,,,,,,
,,,,,,,,,,,,,,10168,4.000,,,,,,,,,
,,,,,,,,,,,,,,10186,0.250,,,,,,,,,
omelette-clasico,10260,Omelette Clasico,Desayuno,,N,,,,,,,,,10168,4.000,N,N,,,Y,variable,,,
,,,,,,,,,,,,,,10177,0.025,,,,,,,,,
,,,,,,,,,,,,,,10002,0.002,,,,,,,,,
,,,,,,,,,,,,,,10259,0.001,,,,,,,,,
,,,,,,,,,,,,,,10199,0.001,,,,,,,,,
,,,,,,,,,,,,,,10192,0.001,,,,,,,,,
omelette-de-queso,10261,Omelette De Queso,,,N,,,,,,,,,10260,1.000,N,N,,,Y,variable,,,
,,,,,,,,,,,,,,10196,0.025,,,,,,,,,
omelette-de-queso-y-jamon,10263,Omelette De Queso y Jamon,,,N,,,,,,,,,10261,1.000,N,N,,,Y,variable,,,
,,,,,,,,,,,,,,10169,0.035,,,,,,,,,
omelette-de-queso-y-tocineta,10262,Omelette De Queso y Tocineta,Desayuno,,N,,,,,,,,,10261,1.000,N,N,,,Y,variable,,,
,,,,,,,,,,,,,,10204,0.090,,,,,,,,,
orange-coffee,10074,Orange Coffee,Cafe Frio,,N,,,,,,,,,10001,0.020,N,N,,,Y,3.00,,,
,,,,,,,,,,,,,,10183,0.600,,,,,,,,,
oregano,10259,Oregano,Panader√≠a ¬∑ Panes & Bases,,N,,,,,,,25.00,,,,N,,,,Y,variable,,,
oreo,10029,Oreos,Chocolates & Toppings,,N,,,,,,,0.27,,,,Y,,Confiteria Sebas,0.27,N,variable,-21.000,12.000,36.000
pan-de-bagel,10187,Pan de Bagel,Panader√≠a ¬∑ Panes & Bases,,N,,,,,,,0.21,,,,Y,,Kamut,0.21,N,variable,-22.000,12.000,24.000
pan-de-panini,10186,Pan de Panini,Panader√≠a ¬∑ Panes & Bases,,N,,,,,,,0.21,,,,Y,,Kamut,0.21,N,variable,-39.000,12.000,24.000
pan-integral-(15unid.),10253,Pan Integral (15unid.),Ingredientes,,N,,,,,,,5.00,,,,N,,,,N,variable,,,
panini-amanecer,10121,Panini Amanecer,Snacks,,N,,,,,,,1.87,,10195,0.075,N,Y,,,Y,variable,0.000,,
,,,,,,,,,,,,,,10169,0.070,,,,,,,,,
,,,,,,,,,,,,,,10177,0.020,,,,,,,,,
,,,,,,,,,,,,,,10186,1.000,,,,,,,,,
,,,,,,,,,,,,,,10168,2.000,,,,,,,,,
panini-capressa-1,10080,Panini Capressa,Snacks,,N,,,,,,,,,10186,1.000,N,N,,,Y,5.00,,,
,,,,,,,,,,,,,,10206,0.143,,,,,,,,,
,,,,,,,,,,,,,,10196,0.100,,,,,,,,,
,,,,,,,,,,,,,,10200,0.024,,,,,,,,,
,,,,,,,,,,,,,,10177,0.014,,,,,,,,,
panini-clasico,10069,Panini Clasico,Snacks,,N,,,,,,,,,10186,1.000,N,N,,,Y,5.00,,,
,,,,,,,,,,,,,,10195,0.075,,,,,,,,,
,,,,,,,,,,,,,,10169,0.070,,,,,,,,,
,,,,,,,,,,,,,,10206,0.143,,,,,,,,,
,,,,,,,,,,,,,,10173,0.200,,,,,,,,,
,,,,,,,,,,,,,,10201,0.024,,,,,,,,,
,,,,,,,,,,,,,,10177,0.014,,,,,,,,,
panini-de-pollo,10058,Panini de pollo,Desayuno,,N,,,,,,,,,10190,0.150,N,N,,,Y,6.00,,,
,,,,,,,,,,,,,,10186,1.000,,,,,,,,,
,,,,,,,,,,,,,,10206,0.143,,,,,,,,,
,,,,,,,,,,,,,,10173,0.200,,,,,,,,,
,,,,,,,,,,,,,,10177,0.020,,,,,,,,,
,,,,,,,,,,,,,,10196,0.075,,,,,,,,,
,,,,,,,,,,,,,,10201,0.025,,,,,,,,,
panini-de-queso,10128,Panini De Queso,Desayuno,,N,,,,,,,,,10186,1.000,N,N,,,Y,variable,,,
,,,,,,,,,,,,,,10195,0.050,,,,,,,,,
,,,,,,,,,,,,,,10196,0.050,,,,,,,,,
,,,,,,,,,,,,,,10177,0.014,,,,,,,,,
,,,,,,,,,,,,,,10212,0.005,,,,,,,,,
papas-chiss,10236,Papas Chiss,,,N,,,,,,,1.06,,,,N,,,,Y,variable,,,
paprika,10188,Paprika,Condimentos y aceites,,N,,,,,,,0.25,,,,Y,,Verduras B.O,0.25,N,variable,0.000,1.000,2.000
parchita-pulpa,10189,Parchita pulpa,Frutas & Vegetales (frescos/congelados),,Y,,,,,,,2.50,,,,Y,,Verduras B.O,2.50,N,variable,0.000,1000.000,2000.000
parfait,10077,Parfait,Postres,,N,,,,,,,2.00,,,,N,,,,Y,4.50,,,
parfait-1,10244,Parfait,,,N,,,,,,,,,10209,0.150,N,N,,,Y,variable,,,
,,,,,,,,,,,,,,10164,0.060,,,,,,,,,
,,,,,,,,,,,,,,10162,0.105,,,,,,,,,
,,,,,,,,,,,,,,10022,0.035,,,,,,,,,
pechuga-pollo,10190,Pechuga Pollo,Carnes & Embutidos,,Y,,,,,,,13.15,,,,Y,,Carniceria,5.00,N,variable,-2.850,1000.000,
pie-de-limon,10092,Pie de limon,,,N,,,,,,,0.00,,,,N,,,,Y,5.00,,,
pimienta-en-pepa,10191,Pimienta en Pepa,Condimentos y aceites,,N,,,,,,,0.25,,,,Y,,,0.25,N,variable,0.000,1.000,2.000
pimienta-en-polvo,10192,Pimienta en Polvo,Condimentos y aceites,,N,,,,,,,26.32,,,,Y,,Verduras B.O,0.25,N,variable,-0.067,1.000,2.000
polvo-para-hornear,10193,Polvo para hornear,"Secos ¬∑ Harinas, Az√∫cares & Leudantes",,Y,,,,,,,4.00,,,,Y,,,4.00,N,variable,-0.048,200.000,500.000
postre-del-d√≠a-1,10127,Postre del d√≠a,,,N,,,,,,,0.00,,,,N,,,,Y,4.00,,,
postre-del-d√≠a,10100,Postre del d√≠a üôÄüç∞,,,N,,,,,,,2.00,,,,N,,,,Y,4.00,,,
pq.-de-galletas-jengibre-(5-unid.),10241,Pq. De Galletas Jengibre (5 unid.),Postres,,N,,,,,,,,,10240,0.250,N,N,,,Y,variable,,,
queso-amarillo,10195,Queso Amarillo,L√°cteos & Cremas,,Y,,,,,,,12.50,,,,Y,,Maxiqueso,12.50,N,variable,-3.800,500.000,1000.000
queso-crema-gaby,10194,Queso Crema Gaby,L√°cteos & Cremas,,Y,,,,,,,23.90,,,,Y,,Hyper Baratta,23.90,N,variable,-1.655,500.000,1000.000
queso-mozarella,10196,Queso Mozarella,L√°cteos & Cremas,,Y,,,,,,,6.50,,,,Y,,Maxiqueso,6.50,N,variable,-1.100,500.000,1500.000
queso-pecorino,10197,Queso Pecorino,L√°cteos & Cremas,,Y,,,,,,,34.00,,,,Y,,Maxiqueso,0.00,N,variable,-0.010,,
queso-ricotta,10198,Queso Ricotta,L√°cteos & Cremas,,Y,,,,,,,0.00,,,,Y,,Maxiqueso,,N,variable,0.000,,
roll-de-canela,10005,Roll de Canela,,,N,,,,,,,,,10257,0.125,N,N,,,Y,2.50,,,
,,,,,,,,,,,,,,10258,0.010,,,,,,,,,
rolls-de-canela-(8-unid.),10257,Rolls De Canela (8 unid.),,,N,,,,,,,,,10165,0.250,N,N,,,N,variable,,,
,,,,,,,,,,,,,,10002,0.010,,,,,,,,,
,,,,,,,,,,,,,,10174,0.006,,,,,,,,,
,,,,,,,,,,,,,,10168,1.000,,,,,,,,,
,,,,,,,,,,,,,,10143,0.150,,,,,,,,,
,,,,,,,,,,,,,,10129,0.005,,,,,,,,,
,,,,,,,,,,,,,,10180,0.010,,,,,,,,,
,,,,,,,,,,,,,,10199,0.005,,,,,,,,,
,,,,,,,,,,,,,,10177,0.140,,,,,,,,,
,,,,,,,,,,,,,,10147,0.035,,,,,,,,,
romero,10237,Romero,Condimentos y aceites,,N,,,,,,,10.00,,,,N,,,,Y,variable,,,
sal,10199,Sal,"Secos ¬∑ Harinas, Az√∫cares & Leudantes",,Y,,,,,,,1.32,,,,Y,,,0.00,N,variable,-0.104,,
salsa-de-cesar,10234,SALSA DE CESAR,Preparaciones base ¬∑ Salsas & Sirops,,N,,,,,,,,,10168,12.000,N,N,,,Y,variable,,,
,,,,,,,,,,,,,,10208,0.010,,,,,,,,,
,,,,,,,,,,,,,,10199,0.010,,,,,,,,,
,,,,,,,,,,,,,,10192,0.010,,,,,,,,,
,,,,,,,,,,,,,,10136,1.000,,,,,,,,,
,,,,,,,,,,,,,,10235,0.010,,,,,,,,,
,,,,,,,,,,,,,,10182,0.020,,,,,,,,,
salsa-de-queso,10212,Salsa De Queso,Condimentos y aceites,,N,,,,,,,,,10125,1.000,N,N,,,N,variable,,,
,,,,,,,,,,,,,,10213,3.340,,,,,,,,,
salsa-pesto,10200,SALSA PESTO,Preparaciones base ¬∑ Salsas & Sirops,,Y,,,,,,,,,10140,0.320,N,N,,,N,variable,,,
,,,,,,,,,,,,,,10197,0.120,,,,,,,,,
,,,,,,,,,,,,,,10141,0.120,,,,,,,,,
,,,,,,,,,,,,,,10130,0.500,,,,,,,,,
,,,,,,,,,,,,,,10199,0.010,,,,,,,,,
,,,,,,,,,,,,,,10192,0.010,,,,,,,,,
salsa-tartara,10201,SALSA TARTARA,Preparaciones base ¬∑ Salsas & Sirops,,Y,,,,,,,4.13,,10125,1.000,N,Y,,,N,variable,-0.548,,
,,,,,,,,,,,,,,10122,3.340,,,,,,,,,
sandwich-de-queso,10120,Sandwich de queso,,,N,,,,,,,1.26,,10195,0.050,N,Y,,,Y,variable,0.000,,
,,,,,,,,,,,,,,10196,0.050,,,,,,,,,
,,,,,,,,,,,,,,10186,1.000,,,,,,,,,
,,,,,,,,,,,,,,10177,0.020,,,,,,,,,
,,,,,,,,,,,,,,10201,0.012,,,,,,,,,
sandwich-helado,10103,Sandwich Helado,Postres,,N,,,,,,,,,10218,0.200,N,N,,,Y,4.00,,,
,,,,,,,,,,,,,,10019,0.100,,,,,,,,,
,,,,,,,,,,,,,,10155,0.030,,,,,,,,,
servicio-teque√±os,10038,Servicio Teque√±os 6 unid,Snacks,,N,,,,,,,,,10037,5.000,N,N,,,Y,4.50,,,
sirope-chocolate,10024,Sirope Chocolate,Ingredientes,,Y,,,,,,,12.00,,,,Y,,,0.00,N,variable,-1.110,,
sirope-frutos-amarillos,10021,Sirope Frutos Amarillos,Preparaciones base ¬∑ Salsas & Sirops,,Y,,,,,,,2.00,,10189,0.333,N,Y,,,N,variable,-1.100,,
,,,,,,,,,,,,,,10211,0.333,,,,,,,,,
,,,,,,,,,,,,,,10142,0.250,,,,,,,,,
,,,,,,,,,,,,,,10175,0.067,,,,,,,,,
,,,,,,,,,,,,,,10183,0.067,,,,,,,,,
sirope-frutos-rojos,10022,Sirope Frutos Rojos,Preparaciones base ¬∑ Salsas & Sirops,,Y,,,,,,,1.44,,10162,0.333,N,Y,,,N,variable,-3.440,,
,,,,,,,,,,,,,,10179,0.333,,,,,,,,,
,,,,,,,,,,,,,,10142,0.333,,,,,,,,,
,,,,,,,,,,,,,,10175,0.033,,,,,,,,,
sirope-manzana-verde,10023,Sirope Manzana Verde,Preparaciones base ¬∑ Salsas & Sirops,,Y,,,,,,,15.00,,,,Y,,Sirops,15.00,N,variable,-0.390,,
sobre-de-salsa-de-queso,10213,Sobre De Salsa De Queso,Condimentos y aceites,,N,,,,,,,0.50,,,,N,,,,N,variable,,,
sobre-salsa-tartara,10122,Sobre Salsa Tartara,Condimentos y aceites,,N,,,,,,,0.50,,,,N,,,,N,variable,,,
soda-(pq-de-12),10226,SODA (PQ de 12),Otras Bebidas,,N,,,,,,,8.00,,,,N,,,,N,variable,,,
soda-siciliana-amarillo,10083,Soda Siciliana Amarillo,Otras Bebidas,,N,,,,,,,,,10226,0.084,N,N,,,Y,3.50,,,
,,,,,,,,,,,,,,10021,0.070,,,,,,,,,
soda-siciliana-roja,10082,Soda Siciliana Roja,Otras Bebidas,,N,,,,,,,,,10226,0.084,N,N,,,Y,3.50,,,
,,,,,,,,,,,,,,10022,0.070,,,,,,,,,
soda-siciliana-verde,10084,Soda Siciliana Verde,Otras Bebidas,,N,,,,,,,,,10226,0.084,N,N,,,Y,3.50,,,
,,,,,,,,,,,,,,10023,0.070,,,,,,,,,
splenda-(700-sobres),10044,Splenda (700 sobres),,,N,,,,,,,23.70,,,,N,,,,Y,variable,,,
t√©-/-infusiones,10042,T√© / Infusiones,Otras Bebidas,,N,,,,,,,0.20,,,,N,,,,Y,1.50,,,
t√©-helado,10046,T√© Helado,,,N,,,,,,,0.60,,,,N,,,,Y,2.00,,,
t√©-matcha,10085,T√© Matcha,Otras Bebidas,,N,,,,,,,0.50,,,,N,,,,Y,1.50,,,
te-matcha-1,10202,Te Matcha T.,Cafeter√≠a ¬∑ Caf√© & Bebidas base,,Y,,,,,,,60.00,,,,Y,,,0.00,N,variable,-0.060,,
teque√±os,10037,Teque√±os,Otros comestibles,,N,,,,,,,0.31,,,,Y,,,0.31,N,variable,-575.000,20.000,80.000
tocineta,10204,Tocineta,Carnes & Embutidos,,Y,,,,,,,17.10,,,,Y,,Carniceria,17.10,N,variable,-4.480,500.000,1500.000
toddy-1,10205,Toddy,Cafeter√≠a ¬∑ Caf√© & Bebidas base,,Y,,,,,,,10.50,,,,Y,,,10.50,N,variable,-1.909,1000.000,2000.000
tomate,10206,Tomate,Frutas & Vegetales (frescos/congelados),,Y,,,,,,,1.50,,,,Y,,Verduras B.O,1.50,N,variable,-4.204,1000.000,2000.000
choco-enigma,10053,Torta Chocolate,Postres,,N,,,,,,,,,10217,0.167,N,N,,,Y,4.50,,,
torta-de-banana,10250,Torta De Banana,,,N,,,,,,,,,10246,0.167,N,N,,,Y,variable,,,
pan-de-banana-(10unid.),10246,Torta De Banana (6unid.),,,N,,,,,,,,,10168,2.000,N,N,,,N,variable,,,
,,,,,,,,,,,,,,10143,0.090,,,,,,,,,
,,,,,,,,,,,,,,10136,0.040,,,,,,,,,
,,,,,,,,,,,,,,10245,0.100,,,,,,,,,
,,,,,,,,,,,,,,10002,0.008,,,,,,,,,
,,,,,,,,,,,,,,10129,0.010,,,,,,,,,
,,,,,,,,,,,,,,10165,0.125,,,,,,,,,
,,,,,,,,,,,,,,10193,0.005,,,,,,,,,
,,,,,,,,,,,,,,10194,0.225,,,,,,,,,
,,,,,,,,,,,,,,10209,0.050,,,,,,,,,
,,,,,,,,,,,,,,10044,0.002,,,,,,,,,
torta-de-chocolate-completa,10217,Torta De Chocolate Completa,,,N,,,,,,,,,10165,0.360,N,N,,,N,variable,,,
,,,,,,,,,,,,,,10168,4.000,,,,,,,,,
,,,,,,,,,,,,,,10142,0.500,,,,,,,,,
,,,,,,,,,,,,,,10002,0.044,,,,,,,,,
,,,,,,,,,,,,,,10146,0.120,,,,,,,,,
,,,,,,,,,,,,,,10136,0.240,,,,,,,,,
,,,,,,,,,,,,,,10208,0.010,,,,,,,,,
,,,,,,,,,,,,,,10207,0.005,,,,,,,,,
,,,,,,,,,,,,,,10193,0.015,,,,,,,,,
,,,,,,,,,,,,,,10199,0.010,,,,,,,,,
,,,,,,,,,,,,,,10153,0.620,,,,,,,,,
,,,,,,,,,,,,,,10048,0.400,,,,,,,,,
,,,,,,,,,,,,,,10177,0.100,,,,,,,,,
torta-de-vainilla-y-naranja,10203,Torta De Vainilla y Naranja,,,N,,,,,,,,,10249,0.167,N,N,,,Y,variable,,,
torta-de-vainilla-y-naranja-(10und.),10249,Torta De Vainilla y Naranja (6und.),,,N,,,,,,,,,10177,0.200,N,N,,,N,variable,,,
,,,,,,,,,,,,,,10142,0.200,,,,,,,,,
,,,,,,,,,,,,,,10168,4.000,,,,,,,,,
,,,,,,,,,,,,,,10129,0.010,,,,,,,,,
,,,,,,,,,,,,,,10165,0.250,,,,,,,,,
,,,,,,,,,,,,,,10193,0.111,,,,,,,,,
,,,,,,,,,,,,,,10183,0.005,,,,,,,,,
,,,,,,,,,,,,,,10194,0.225,,,,,,,,,
,,,,,,,,,,,,,,10209,0.050,,,,,,,,,
,,,,,,,,,,,,,,10044,0.002,,,,,,,,,
torta-de-zanahoria-completa,10108,Torta de zanahoria completa,,,N,,,,,,,,,10142,0.120,N,N,,,N,variable,,,
,,,,,,,,,,,,,,10143,0.240,,,,,,,,,
,,,,,,,,,,,,,,10136,0.300,,,,,,,,,
,,,,,,,,,,,,,,10168,6.000,,,,,,,,,
,,,,,,,,,,,,,,10170,0.010,,,,,,,,,
,,,,,,,,,,,,,,10147,0.020,,,,,,,,,
,,,,,,,,,,,,,,10146,0.010,,,,,,,,,
,,,,,,,,,,,,,,10165,0.350,,,,,,,,,
,,,,,,,,,,,,,,10210,0.500,,,,,,,,,
,,,,,,,,,,,,,,10199,0.010,,,,,,,,,
,,,,,,,,,,,,,,10193,0.010,,,,,,,,,
,,,,,,,,,,,,,,10185,0.070,,,,,,,,,
,,,,,,,,,,,,,,10176,0.100,,,,,,,,,
,,,,,,,,,,,,,,10177,0.100,,,,,,,,,
,,,,,,,,,,,,,,10144,0.125,,,,,,,,,
,,,,,,,,,,,,,,10194,0.250,,,,,,,,,
,,,,,,,,,,,,,,10216,0.500,,,,,,,,,
torta-red-velvet,10060,Torta Red Velvet,Postres,,N,,,,,,,,,10215,0.167,N,N,,,Y,4.50,,,
torta-red-velvet-completa,10215,Torta Red Velvet Completa,Postres,,N,,,,,,,,,10165,0.350,N,N,,,N,variable,,,
,,,,,,,,,,,,,,10168,4.000,,,,,,,,,
,,,,,,,,,,,,,,10142,0.300,,,,,,,,,
,,,,,,,,,,,,,,10146,0.050,,,,,,,,,
,,,,,,,,,,,,,,10208,0.010,,,,,,,,,
,,,,,,,,,,,,,,10158,0.500,,,,,,,,,
,,,,,,,,,,,,,,10048,0.250,,,,,,,,,
,,,,,,,,,,,,,,10177,0.100,,,,,,,,,
,,,,,,,,,,,,,,10144,0.125,,,,,,,,,
,,,,,,,,,,,,,,10194,0.250,,,,,,,,,
,,,,,,,,,,,,,,10136,0.300,,,,,,,,,
torta-zanahoria,10063,Torta Zanahoria,Postres,,N,,,,,,,,,10108,0.167,N,N,,,Y,4.50,,,
tostada-con-pesto,10256,Tostada Con Pesto,,,N,,,,,,,,,10168,2.000,N,N,,,Y,variable,,,
,,,,,,,,,,,,,,10253,0.134,,,,,,,,,
,,,,,,,,,,,,,,10194,0.080,,,,,,,,,
,,,,,,,,,,,,,,10200,0.040,,,,,,,,,
,,,,,,,,,,,,,,10141,0.012,,,,,,,,,
,,,,,,,,,,,,,,10199,0.004,,,,,,,,,
,,,,,,,,,,,,,,10192,0.004,,,,,,,,,
,,,,,,,,,,,,,,10188,0.004,,,,,,,,,
,,,,,,,,,,,,,,10177,0.015,,,,,,,,,
tostada-de-aguacate,10233,Tostada De Aguacate,Desayuno,,N,,,,,,,,,10186,0.500,N,N,,,Y,variable,,,
,,,,,,,,,,,,,,10199,0.005,,,,,,,,,
,,,,,,,,,,,,,,10192,0.005,,,,,,,,,
,,,,,,,,,,,,,,10229,0.005,,,,,,,,,
,,,,,,,,,,,,,,10177,0.014,,,,,,,,,
,,,,,,,,,,,,,,10196,0.050,,,,,,,,,
,,,,,,,,,,,,,,10231,0.250,,,,,,,,,
,,,,,,,,,,,,,,10168,2.000,,,,,,,,,
tostadas-de-granola,10255,Tostadas De Granola,Desayuno,,N,,,,,,,,,10254,0.500,N,N,,,Y,variable,,,
,,,,,,,,,,,,,,10253,0.134,,,,,,,,,
,,,,,,,,,,,,,,10164,0.015,,,,,,,,,
,,,,,,,,,,,,,,10180,0.005,,,,,,,,,
,,,,,,,,,,,,,,10175,0.010,,,,,,,,,
vainilla,10129,Vainilla,Ingredientes,,N,,,,,,,15.00,,,,Y,,Sirops,15.00,Y,variable,-0.121,1.000,2.000
vainilla-negra,10207,Vainilla Negra,"Licores, Esencias & Aromas",,Y,,,,,,,4.00,,,,Y,,Reposteria B.O,4.00,N,variable,-0.315,500.000,1500.000
vaso-para-llevar,10068,Vaso para llevar,,,N,,,,,,,0.25,,,,N,,,,N,variable,,,
vinagre,10208,Vinagre,Condimentos y aceites,,Y,,,,,,,0.50,,,,Y,,,0.00,N,variable,-0.031,,
vinagre-balsamico,10229,Vinagre Balsamico,Condimentos y aceites,,N,,,,,,,20.00,,,,N,,,,N,variable,,,
waffle-americano,10107,Waffle Americano,Desayuno,,N,,,,,,,,,10106,0.110,N,N,,,Y,4.00,,,
,,,,,,,,,,,,,,10168,2.000,,,,,,,,,
,,,,,,,,,,,,,,10204,0.090,,,,,,,,,
,,,,,,,,,,,,,,10180,0.024,,,,,,,,,
,,,,,,,,,,,,,,10177,0.014,,,,,,,,,
waffle-clasico,10078,Waffle Clasico,Postres,,N,,,,,,,,,10106,0.110,N,N,,,Y,3.00,,,
,,,,,,,,,,,,,,10155,0.060,,,,,,,,,
,,,,,,,,,,,,,,10008,0.060,,,,,,,,,
,,,,,,,,,,,,,,10015,0.060,,,,,,,,,
waffle-con-frutas,10104,Waffle con Frutas,Postres,,N,,,,,,,,,10106,0.110,N,N,,,Y,4.50,,,
,,,,,,,,,,,,,,10155,0.060,,,,,,,,,
,,,,,,,,,,,,,,10015,0.060,,,,,,,,,
,,,,,,,,,,,,,,10008,0.060,,,,,,,,,
,,,,,,,,,,,,,,10162,0.120,,,,,,,,,
,,,,,,,,,,,,,,10177,0.008,,,,,,,,,
waffle-enigma,10079,Waffle con helado,Postres,,N,,,,,,,,,10106,0.110,N,N,,,Y,4.50,,,
,,,,,,,,,,,,,,10019,0.100,,,,,,,,,
,,,,,,,,,,,,,,10155,0.060,,,,,,,,,
,,,,,,,,,,,,,,10015,0.060,,,,,,,,,
,,,,,,,,,,,,,,10008,0.060,,,,,,,,,
,,,,,,,,,,,,,,10177,0.008,,,,,,,,,
waffle-salado-1,10119,Waffle Salado,Desayuno,,N,,,,,,,1.50,,,,N,,,,Y,4.50,,,
salado-waffle,10214,Waffle Salado,Desayuno,,N,,,,,,,,,10106,0.110,N,N,,,Y,variable,,,
,,,,,,,,,,,,,,10195,0.050,,,,,,,,,
,,,,,,,,,,,,,,10169,0.070,,,,,,,,,
,,,,,,,,,,,,,,10180,0.024,,,,,,,,,
,,,,,,,,,,,,,,10177,0.014,,,,,,,,,
yogurt-griego,10209,Yogurt Griego,L√°cteos & Cremas,,Y,,,,,,,8.00,,,,Y,,Yogurt,8.00,N,variable,-0.200,1000.000,2000.000
zanahoria,10210,Zanahoria,Frutas & Vegetales (frescos/congelados),,Y,,,,,,,0.75,,,,Y,,Verduras B.O,0.75,N,variable,-1.826,1000.000,2000.000
üéÑ-botella-de-ponche,10225,üéÑ Botella de ponche,,,N,,,,,,,0.00,,,,N,,,,Y,13.00,,,
üéÑ-brownie-navide√±o,10222,üéÑ Brownie Navide√±o,,,N,,,,,,,0.00,,,,N,,,,Y,4.00,,,
üéÑ-delicia-navide√±a,10221,üéÑ Delicia Navide√±a,,,N,,,,,,,0.00,,,,N,,,,Y,5.00,,,
üéÑ-galleta-navide√±a,10223,üéÑ Galleta navide√±a,,,N,,,,,,,0.00,,,,N,,,,Y,2.00,,,
üéÑ-kit-5-de-jengibre,10224,üéÑ Kit 5 de jengibre,,,N,,,,,,,0.00,,,,N,,,,Y,3.00,,,
üéÑ-ponche-latte,10219,üéÑ Ponche latte,,,N,,,,,,,0.00,,,,N,,,,Y,3.50,,,
üéÑ-ponche-navide√±o,10220,üéÑ Ponche navide√±o,,,N,,,,,,,0.00,,,,N,,,,Y,4.00,,,
