Handle,REF,Nombre,Categoria,Descripci√≥n,Vendido por peso,Opci√≥n 1 nombre,Opci√≥n 1 valor,Opci√≥n 2 nombre,Opci√≥n 2 valor,Opci√≥n 3 nombre,Opci√≥n 3 valor,Coste,Codigo de barras,REF del componente,Cantidad del componente,Seguir el Inventario,Usar prodcucci√≥n,Proveedor,Costo de compra,Disponibles para la venta [Enigma Caf√© ],Precio [Enigma Caf√© ],En inventario [Enigma Caf√© ],Existencias bajas [Enigma Caf√© ],Stock √≥ptimo [Enigma Caf√© ]
aceite-de-girasol,10135,Aceite de Girasol,Condimentos y aceites,,Y,,,,,,,0.00,,,,Y,,,0.00,N,variable,0.000,1000.000,3000.000
aceite-de-oliva,10130,Aceite de Oliva,Condimentos y aceites,,Y,,,,,,,6.06,,,,Y,,,0.00,N,variable,-0.060,500.000,1500.000
aceite-vegetal,10136,Aceite Vegetal,Condimentos y aceites,,Y,,,,,,,2.63,,,,Y,,,2.63,N,variable,-2.520,1000.000,2000.000
adicional-frutas,EXT-005,Extra ‚Äì Frutas,Extras,,N,,,,,,,0.50,,,,N,,,,Y,1.00,,,
affogato,ICE-007,Affogato,Caf√©s Fr√≠os,,N,,,,,,,,,10001,0.020,N,N,,,Y,3.50,,,
,,,,,,,,,,,,,,10019,0.200,,,,,,,,,
,,,,,,,,,,,,,,10020,0.015,,,,,,,,,
,,,,,,,,,,,,,,10141,0.010,,,,,,,,,
agua,ING-BEB-002,Agua ‚Äì Paquete 12u,Bebidas,,N,,,,,,,7.40,,,,N,,,,N,1.00,,,
agua-embotellada,BEB-007,Agua,Otras Bebidas,,N,,,,,,,,,10003,0.083,N,N,,,Y,1.00,,,
aguacate,EXT-008,Extra ‚Äì Aguacate,Extras,,N,,,,,,,1.06,,,,N,,,,Y,variable,,,
ajo-en-polvo,10137,Ajo en Polvo,Condimentos y aceites,,N,,,,,,,0.25,,,,Y,,,0.25,N,variable,0.000,2.000,4.000
ajo,10182,Ajo Natural,Condimentos y aceites,,N,,,,,,,14.00,,,,N,,,,Y,variable,,,
albahaca,10140,Albahaca,Vegetales,,Y,,,,,,,1.25,,,,Y,,Verduras B.O,1.25,N,variable,-0.035,200.000,700.000
almendras-blancas,10141,Almendras Blancas,Chocolates & Toppings,,Y,,,,,,,16.00,,,,Y,,Reposteria B.O,16.00,N,variable,-0.046,100.000,500.000
amaretto,10020,Amaretto,"Licores, Esencias & Aromas",,Y,,,,,,,18.88,,,,Y,,,18.88,N,variable,-0.060,250.000,1250.000
americano-/-guayoyo,ESP-001,Americano,Espressos,,N,,,,,,,,,10001,0.020,N,N,,,Y,1.00,,,
americano-para-llevar,ESP-001,Americano,Espressos,,N,,,,,,,,,10001,0.020,N,N,,,Y,1.50,,,
,,,,,,,,,,,,,,10068,1.000,,,,,,,,,
arequipe,ING-TOP-008,Arequipe,Toppings,,Y,,,,,,,4.00,,,,Y,,Reposteria B.O,4.00,N,variable,-4.160,1000.000,4000.000
azucar,ING-SEC-002,Az√∫car,Secos,,Y,,,,,,,0.94,,,,Y,,Sra Yadira,0.94,N,variable,-6.603,2000.000,12000.000
azucar-morena,10143,Azucar Morena,"Secos ¬∑ Harinas, Az√∫cares & Leudantes",,Y,,,,,,,1.32,,,,Y,,,0.00,Y,variable,-1.414,,
az√∫car-pulverizada,ING-SEC-003,Az√∫car Pulverizada,Secos,,Y,,,,,,,2.50,,,,Y,,,2.50,N,variable,-0.809,1000.000,3000.000
bagel,BAG-001,Bagel ‚Äì Americano,Bagels,,N,,,,,,,,,10187,1.000,N,N,,,Y,5.00,,,
,,,,,,,,,,,,,,10195,0.075,,,,,,,,,
,,,,,,,,,,,,,,10204,0.090,,,,,,,,,
,,,,,,,,,,,,,,10168,1.000,,,,,,,,,
,,,,,,,,,,,,,,10169,0.070,,,,,,,,,
,,,,,,,,,,,,,,10177,0.014,,,,,,,,,
,,,,,,,,,,,,,,10201,0.024,,,,,,,,,
,,,,,,,,,,,,,,10199,0.003,,,,,,,,,
,,,,,,,,,,,,,,10192,0.003,,,,,,,,,
bagel-de-aguacate,BAG-002,Bagel ‚Äì Aguacate,Bagels,,N,,,,,,,,,10187,1.000,N,N,,,Y,variable,,,
,,,,,,,,,,,,,,10231,0.250,,,,,,,,,
,,,,,,,,,,,,,,10196,0.025,,,,,,,,,
,,,,,,,,,,,,,,10201,0.024,,,,,,,,,
,,,,,,,,,,,,,,10190,0.150,,,,,,,,,
,,,,,,,,,,,,,,10199,0.005,,,,,,,,,
,,,,,,,,,,,,,,10192,0.005,,,,,,,,,
,,,,,,,,,,,,,,10208,0.005,,,,,,,,,
,,,,,,,,,,,,,,10177,0.014,,,,,,,,,
bagel-mediterr√°neo,BAG-003,Bagel ‚Äì Mediterr√°neo,Bagels,,N,,,,,,,2.00,,,,N,,,,Y,5.00,,,
bagel-americano,BAG-004,Bagel ‚Äì Sweet Bacon,Bagels,,N,,,,,,,,,10187,1.000,N,N,,,Y,5.00,,,
,,,,,,,,,,,,,,10195,0.050,,,,,,,,,
,,,,,,,,,,,,,,10177,0.014,,,,,,,,,
,,,,,,,,,,,,,,10180,0.024,,,,,,,,,
,,,,,,,,,,,,,,10168,2.000,,,,,,,,,
,,,,,,,,,,,,,,10204,0.090,,,,,,,,,
,,,,,,,,,,,,,,10192,0.003,,,,,,,,,
,,,,,,,,,,,,,,10199,0.003,,,,,,,,,
bananas-(10),10245,Bananas (10),Frutas & Vegetales (frescos/congelados),,N,,,,,,,0.80,,,,N,,,,Y,variable,,,
bandeja-brownie,ING-DES-002,Bandeja Brownie,Desechables,"<p><font dir=""auto"" style=""vertical-align: inherit;""><font dir=""auto"" style=""vertical-align: inherit;"">Bandeja de Brownie de 6 Unidades</font></font></p>",N,,,,,,,,,10165,0.150,N,N,,,N,variable,,,
,,,,,,,,,,,,,,10146,0.150,,,,,,,,,
,,,,,,,,,,,,,,10142,0.400,,,,,,,,,
,,,,,,,,,,,,,,10177,0.400,,,,,,,,,
,,,,,,,,,,,,,,10168,7.000,,,,,,,,,
,,,,,,,,,,,,,,10193,0.004,,,,,,,,,
,,,,,,,,,,,,,,10145,0.003,,,,,,,,,
,,,,,,,,,,,,,,10153,0.600,,,,,,,,,
bicarbonato,ING-SEC-006,Bicarbonato,Secos,,Y,,,,,,,4.00,,,,Y,,,0.00,N,variable,0.000,,
brownie,POS-001,Brownie,Postres,,N,,,,,,,,,10012,0.085,N,N,,,Y,3.00,,,
brownie-con-helado,POS-002,Brownie ‚Äì Helado,Postres,,N,,,,,,,,,10034,1.000,N,N,,,Y,4.50,,,
,,,,,,,,,,,,,,10019,0.100,,,,,,,,,
,,,,,,,,,,,,,,10155,0.030,,,,,,,,,
brownie-prueba,POS-003,Brownie ‚Äì Especial,Postres,,N,,,,,,,,,10012,0.166,N,N,,,Y,3.50,,,
cacao-nestl√©,ING-CHO-008,Cacao Nestl√©,Chocolates,,Y,,,,,,,18.75,,,,Y,,Reposteria B.O,18.75,N,variable,998.680,1000.000,2000.000
cafe-bombon,ESP-005,Caf√© Bomb√≥n,Espressos,,N,,,,,,,,,10001,0.020,N,N,,,Y,1.50,,,
,,,,,,,,,,,,,,10008,0.060,,,,,,,,,
,,,,,,,,,,,,,,10002,0.004,,,,,,,,,
cafe-de-limon,CEP-005,Latte ‚Äì Lim√≥n,Caf√©s Especiales,,N,,,,,,,,,10050,1.000,N,N,,,Y,variable,,,
,,,,,,,,,,,,,,10248,0.060,,,,,,,,,
,,,,,,,,,,,,,,10216,0.200,,,,,,,,,
,,,,,,,,,,,,,,10129,0.001,,,,,,,,,
,,,,,,,,,,,,,,10175,0.050,,,,,,,,,
cafe-de-mora,CEP-004,Latte ‚Äì Mora,Caf√©s Especiales,,N,,,,,,,,,10050,1.000,N,N,,,Y,variable,,,
,,,,,,,,,,,,,,10239,0.025,,,,,,,,,
latte-de-romero,CEP-003,Latte ‚Äì Romero,Caf√©s Especiales,,N,,,,,,,,,10050,1.000,N,N,,,Y,variable,,,
,,,,,,,,,,,,,,10238,0.020,,,,,,,,,
cafe-en-grano,ING-CAF-001,Caf√© en Grano,Caf√©,,Y,,,,,,,11.00,,,,Y,,Caf√© Oscar,11.00,N,variable,-13.918,5000.000,20000.000
latte,LAT-002,Latte ‚Äì Grande,Lattes,,N,,,,,,,,,10001,0.020,N,N,,,Y,3.00,,,
,,,,,,,,,,,,,,10002,0.044,,,,,,,,,
latte-para-llevar,LAT-001,Latte ‚Äì Peque√±o,Lattes,,N,,,,,,,,,10001,0.020,N,N,,,Y,2.75,,,
,,,,,,,,,,,,,,10002,0.044,,,,,,,,,
,,,,,,,,,,,,,,10068,1.000,,,,,,,,,
caf√©-latte-peque√±o,LAT-001,Latte ‚Äì Peque√±o,Lattes,,N,,,,,,,,,10001,0.010,N,N,,,Y,2.00,,,
,,,,,,,,,,,,,,10002,0.030,,,,,,,,,
caf√©-molido-500gr,10091,CafeÃÅ molido 500gr,,,N,,,,,,,2.50,,,,N,,,,Y,7.00,,,
canela,ING-CON-008,Canela,Condimentos,,Y,,,,,,,14.50,,,,Y,,Reposteria B.O,14.50,N,variable,-0.078,200.000,500.000
capuccino,LAT-004,Cappuccino ‚Äì Grande,Lattes,,N,,,,,,,,,10001,0.020,N,N,,,Y,3.00,,,
,,,,,,,,,,,,,,10002,0.044,,,,,,,,,
capu-para-llevar,LAT-003,Cappuccino ‚Äì Peque√±o,Lattes,,N,,,,,,,,,10002,0.044,N,N,,,Y,2.75,,,
,,,,,,,,,,,,,,10001,0.020,,,,,,,,,
,,,,,,,,,,,,,,10068,1.000,,,,,,,,,
capuccino-peque√±o,LAT-003,Cappuccino ‚Äì Peque√±o,Lattes,,N,,,,,,,,,10001,0.010,N,N,,,Y,2.00,,,
,,,,,,,,,,,,,,10002,0.030,,,,,,,,,
cebolla,ING-VEG-002,Cebolla,Vegetales,,Y,,,,,,,0.75,,,,Y,,Verduras B.O,0.75,N,variable,0.000,500.000,2000.000
cerezas,ING-TOP-007,Cerezas,Toppings,,Y,,,,,,,8.00,,,,Y,,Reposteria B.O,8.00,N,variable,-0.306,250.000,1500.000
chantilly-1,ING-LAC-004,Chantilly,L√°cteos,,N,,,,,,,6.32,,,,Y,,Reposteria B.O,0.00,N,0.50,-1.190,,
chocolate-caliente,CEP-007,Chocolate Caliente,Caf√©s Especiales,,N,,,,,,,,,10040,1.000,N,N,,,Y,4.00,,,
,,,,,,,,,,,,,,10002,0.044,,,,,,,,,
,,,,,,,,,,,,,,10205,0.030,,,,,,,,,
chocolate-decoraci√≥n,ING-CHO-005,Chocolate Decoraci√≥n,Chocolates,,Y,,,,,,,2.91,,,,Y,,Sra Yadira,2.91,N,variable,0.000,1000.000,5000.000
chocolate-en-barra-blanco-(kron),ING-CHO-001,Chocolate Barra ‚Äì Blanco,Chocolates,,Y,,,,,,,11.00,,,,Y,,Reposteria B.O,11.00,N,variable,0.000,1000.000,3000.000
chocolate-en-barra-marr√≥n-claro-(kron),ING-CHO-003,Chocolate Barra ‚Äì Claro,Chocolates,,Y,,,,,,,11.00,,,,Y,,Reposteria B.O,11.00,N,variable,0.000,1000.000,3000.000
chocolate-en-barra-marr√≥n-oscuro-(kron),ING-CHO-002,Chocolate Barra ‚Äì Oscuro,Chocolates,,Y,,,,,,,11.00,,,,Y,,Reposteria B.O,11.00,N,variable,-4.303,1000.000,3000.000
chocolate-en-gota-kron,ING-CHO-004,Chocolate en Gotas,Chocolates,,Y,,,,,,,11.00,,,,Y,,Reposteria B.O,11.00,N,variable,0.000,1000.000,3000.000
chocolate-frio,ICE-006,Chocolate Fr√≠o,Caf√©s Fr√≠os,,N,,,,,,,,,10002,0.044,N,N,,,Y,4.00,,,
,,,,,,,,,,,,,,10205,0.030,,,,,,,,,
chocolate-hersheys,ING-CHO-006,Chocolate Hersheys,Chocolates,,Y,,,,,,,14.00,,,,Y,,Bodegon White Market,14.00,N,variable,-4.850,1360.000,3900.000
cilantro,ING-VEG-007,Cilantro,Vegetales,,Y,,,,,,,2.50,,,,Y,,Verduras B.O,2.50,N,variable,0.000,200.000,1000.000
coca-cola-(pq-de-16),ING-BEB-004,Coca Cola ‚Äì Paquete 16u,Bebidas,,N,,,,,,,9.25,,,,N,,,,N,variable,,,
coca-cola-zero-(pq-de-12),ING-BEB-005,Coca Cola Zero ‚Äì Paquete 12u,Bebidas,,N,,,,,,,8.00,,,,N,,,,N,variable,,,
coca-cola,BEB-008,Coca Cola,Otras Bebidas,,N,,,,,,,,,10228,0.063,N,N,,,Y,1.50,,,
coca-cola-zero,BEB-009,Coca Cola Zero,Otras Bebidas,,N,,,,,,,,,10227,0.084,N,N,,,Y,1.50,,,
cocoa-caliente-‚ùÑÔ∏è,CEP-008,Cocoa Caliente,Caf√©s Especiales,,N,,,,,,,0.00,,,,N,,,,Y,3.50,,,
cocosete,ING-CHO-010,Cocosette,Chocolates,,N,,,,,,,0.00,,,,Y,,Confiteria Sebas,,N,variable,0.000,,
cocosette,ING-CHO-010,Cocosette,Chocolates,,N,,,,,,,0.35,,,,Y,,,0.00,N,variable,-5.000,,
colorante-rojo,ING-ESE-007,Colorante Rojo,Esencias,,N,,,,,,,1.40,,,,Y,,Reposteria B.O,1.40,N,variable,-1.494,1.000,4.000
colorante-rosa,ING-ESE-008,Colorante Rosa,Esencias,,N,,,,,,,1.40,,,,Y,,Reposteria B.O,1.40,N,variable,-0.015,1.000,5.000
combo-panini-+-caf√©,CMB-001,Combo Panini + Caf√©,Combos,,N,,,,,,,3.00,,,,N,,,,Y,6.00,,,
combo-teque√±os-+-caf√©,SNK-002,Combo Teque√±os + Caf√©,Snacks,,N,,,,,,,,,10038,1.000,N,N,,,Y,4.00,,,
,,,,,,,,,,,,,,10050,1.000,,,,,,,,,
cookies-bru-con-helado-üç™üç®,POS-007,Cookie ‚Äì Helado,Postres,,N,,,,,,,0.00,,,,N,,,,Y,5.50,,,
cookis-bru-üç™,POS-006,Cookie,Postres,,N,,,,,,,4.00,,,,N,,,,Y,5.00,,,
copa-de-helado,POS-013,Copa de Helado,Postres,,N,,,,,,,,,10019,0.200,N,N,,,Y,3.50,,,
,,,,,,,,,,,,,,10015,0.030,,,,,,,,,
,,,,,,,,,,,,,,10008,0.030,,,,,,,,,
,,,,,,,,,,,,,,10155,0.030,,,,,,,,,
cream-cheese-(10und.),10247,Cream Cheese (10und.),Chocolates & Toppings,,N,,,,,,,,,10194,0.225,N,N,,,Y,variable,,,
,,,,,,,,,,,,,,10209,0.111,,,,,,,,,
,,,,,,,,,,,,,,10129,0.111,,,,,,,,,
crema-de-leche-latti,ING-LAC-012,Crema de Leche,L√°cteos,,N,,,,,,,0.75,,,,Y,,,0.75,N,variable,-1.596,2.000,6.000
delivery,SVC-001,Delivery,Servicios,,N,,,,,,,0.00,,,,N,,,,Y,1.50,,,
enigma-rosa,CEP-002,Enigma Rosa ‚Äì Grande,Caf√©s Especiales,,N,,,,,,,,,10001,0.020,N,N,,,Y,4.00,,,
,,,,,,,,,,,,,,10015,0.060,,,,,,,,,
,,,,,,,,,,,,,,10002,0.044,,,,,,,,,
,,,,,,,,,,,,,,10159,0.001,,,,,,,,,
,,,,,,,,,,,,,,10149,0.034,,,,,,,,,
enigma-rosa-peque√±o,CEP-001,Enigma Rosa ‚Äì Peque√±o,Caf√©s Especiales,,N,,,,,,,,,10001,0.010,N,N,,,Y,3.00,,,
,,,,,,,,,,,,,,10002,0.030,,,,,,,,,
,,,,,,,,,,,,,,10015,0.030,,,,,,,,,
,,,,,,,,,,,,,,10149,0.017,,,,,,,,,
,,,,,,,,,,,,,,10159,0.001,,,,,,,,,
ensalada-campestre,ENS-001,Ensalada ‚Äì Campestre,Ensaladas,,N,,,,,,,0.00,,,,N,,,,Y,6.50,,,
ensalada-capresa,ENS-002,Ensalada ‚Äì Capresa,Ensaladas,,N,,,,,,,0.00,,,,N,,,,Y,6.00,,,
ensalada-c√©sar,ENS-003,Ensalada ‚Äì C√©sar,Ensaladas,,N,,,,,,,,,10190,0.150,N,N,,,Y,6.50,,,
,,,,,,,,,,,,,,10173,0.500,,,,,,,,,
,,,,,,,,,,,,,,10204,0.135,,,,,,,,,
,,,,,,,,,,,,,,10197,0.010,,,,,,,,,
,,,,,,,,,,,,,,10186,0.250,,,,,,,,,
,,,,,,,,,,,,,,10234,0.040,,,,,,,,,
ensalada-enigma,ENS-004,Ensalada ‚Äì Enigma,Ensaladas,,N,,,,,,,0.00,,,,N,,,,Y,6.00,,,
esencia-de-cereza,ING-ESE-003,Esencia Cereza,Esencias,,N,,,,,,,0.00,,,,Y,,Reposteria B.O,0.00,N,variable,0.000,,
esencia-de-limon,ING-ESE-004,Esencia Lim√≥n,Esencias,,N,,,,,,,,,10142,1.000,N,N,,,N,variable,,,
,,,,,,,,,,,,,,10175,0.500,,,,,,,,,
,,,,,,,,,,,,,,10129,0.025,,,,,,,,,
,,,,,,,,,,,,,,10199,0.025,,,,,,,,,
esencia-de-mora,10239,Esencia De Mora,Condimentos y aceites,,N,,,,,,,,,10181,1.000,N,N,,,Y,variable,,,
,,,,,,,,,,,,,,10142,0.175,,,,,,,,,
,,,,,,,,,,,,,,10129,0.025,,,,,,,,,
,,,,,,,,,,,,,,10183,1.000,,,,,,,,,
,,,,,,,,,,,,,,10199,0.025,,,,,,,,,
esencia-de-romero,10238,Esencia De Romero,Condimentos y aceites,,N,,,,,,,,,10237,0.200,N,N,,,Y,variable,,,
,,,,,,,,,,,,,,10180,1.000,,,,,,,,,
,,,,,,,,,,,,,,10199,0.025,,,,,,,,,
espinaca,ING-VEG-003,Espinaca,Vegetales,,Y,,,,,,,1.75,,,,Y,,Verduras B.O,1.75,N,variable,0.000,200.000,500.000
espresso,ESP-002,Espresso,Espressos,,N,,,,,,,,,10001,0.020,N,N,,,Y,1.00,,,
extra-arequipe,EXT-002,Extra ‚Äì Arequipe,Extras,,N,,,,,,,0.30,,,,N,,,,Y,0.50,,,
extra-chocolate,EXT-003,Extra ‚Äì Chocolate,Extras,,N,,,,,,,0.20,,,,N,,,,Y,0.50,,,
chantilly,EXT-001,Extra ‚Äì Chantilly,Extras,,N,,,,,,,,,10067,0.010,N,N,,,Y,variable,,,
extra-leche-condensada,EXT-004,Extra ‚Äì Leche Condensada,Extras,,N,,,,,,,0.30,,,,N,,,,Y,0.50,,,
frappe-frutos-amarillos,FRE-002,Frapp√© ‚Äì Frutos Amarillos,Frapp√©s,,N,,,,,,,,,10021,0.060,N,N,,,Y,3.00,,,
,,,,,,,,,,,,,,10183,0.100,,,,,,,,,
frappe-frutos-rojos,FRE-001,Frapp√© ‚Äì Frutos Rojos,Frapp√©s,,N,,,,,,,,,10022,0.060,N,N,,,Y,3.00,,,
,,,,,,,,,,,,,,10162,0.005,,,,,,,,,
,,,,,,,,,,,,,,10163,0.050,,,,,,,,,
frappe-manzana-verde,FRE-003,Frapp√© ‚Äì Manzana Verde,Frapp√©s,,N,,,,,,,,,10023,0.060,N,N,,,Y,3.00,,,
,,,,,,,,,,,,,,10175,0.100,,,,,,,,,
frappuchino-arequipe,FRA-003,Frappuccino ‚Äì Arequipe,Frappuccinos,,N,,,,,,,,,10001,0.020,N,N,,,Y,4.00,,,
,,,,,,,,,,,,,,10019,0.100,,,,,,,,,
,,,,,,,,,,,,,,10015,0.060,,,,,,,,,
,,,,,,,,,,,,,,10002,0.008,,,,,,,,,
frappuchino-chocolate,FRA-002,Frappuccino ‚Äì Chocolate,Frappuccinos,,N,,,,,,,,,10001,0.020,N,N,,,Y,4.00,,,
,,,,,,,,,,,,,,10002,0.008,,,,,,,,,
,,,,,,,,,,,,,,10019,0.100,,,,,,,,,
,,,,,,,,,,,,,,10155,0.060,,,,,,,,,
frappuchino,FRA-001,Frappuccino ‚Äì Cl√°sico,Frappuccinos,,N,,,,,,,,,10001,0.020,N,N,,,Y,3.00,,,
,,,,,,,,,,,,,,10002,0.008,,,,,,,,,
,,,,,,,,,,,,,,10142,0.020,,,,,,,,,
,,,,,,,,,,,,,,10207,0.005,,,,,,,,,
frappuchino-frutos-rojos,FRA-005,Frappuccino ‚Äì Frutos Rojos,Frappuccinos,,N,,,,,,,,,10162,0.050,N,N,,,Y,4.00,,,
,,,,,,,,,,,,,,10179,0.050,,,,,,,,,
,,,,,,,,,,,,,,10019,0.100,,,,,,,,,
,,,,,,,,,,,,,,10001,0.020,,,,,,,,,
,,,,,,,,,,,,,,10002,0.008,,,,,,,,,
,,,,,,,,,,,,,,10008,0.060,,,,,,,,,
,,,,,,,,,,,,,,10022,0.060,,,,,,,,,
frappuchino-vainilla,FRA-004,Frappuccino ‚Äì Vainilla,Frappuccinos,,N,,,,,,,,,10001,0.020,N,N,,,Y,3.50,,,
,,,,,,,,,,,,,,10002,0.008,,,,,,,,,
,,,,,,,,,,,,,,10019,0.100,,,,,,,,,
,,,,,,,,,,,,,,10129,0.002,,,,,,,,,
frapuccino-griego,FRA-006,Frappuccino ‚Äì Griego,Frappuccinos,,N,,,,,,,,,10172,0.060,N,N,,,Y,4.50,,,
,,,,,,,,,,,,,,10001,0.020,,,,,,,,,
,,,,,,,,,,,,,,10209,0.100,,,,,,,,,
,,,,,,,,,,,,,,10146,0.003,,,,,,,,,
fresa,ING-FRU-001,Fresa,Frutas,,Y,,,,,,,2.25,,,,Y,,Verduras B.O,2.25,N,variable,-3.155,1000.000,2000.000
fresa-congelada,ING-FRU-002,Fresa ‚Äì Congelada,Frutas,,Y,,,,,,,2.25,,,,Y,,,2.25,N,variable,-1.050,1000.000,5000.000
fresas-con-crema,POS-012,Fresas con Crema,Postres,,N,,,,,,,2.00,,,,N,,,,Y,4.00,,,
galleta,POS-004,Galleta,Postres,,N,,,,,,,,,10218,0.100,N,N,,,Y,1.50,,,
galleta-cortes√≠a-pago-efectivo,GAL-004,Galleta Cortes√≠a,Postres,,N,,,,,,,0.00,,,,N,,,,Y,0.00,,,
galleta-especial,POS-005,Galleta ‚Äì Especial,Postres,,N,,,,,,,,,10218,0.100,N,N,,,Y,2.00,,,
,,,,,,,,,,,,,,10153,0.005,,,,,,,,,
galletas-de-jengibre-(pq.-40unid.),GAL-002,Galletas Jengibre ‚Äì 40u,Postres,,N,,,,,,,,,10177,0.140,N,N,,,Y,variable,,,
,,,,,,,,,,,,,,10143,0.040,,,,,,,,,
,,,,,,,,,,,,,,10142,0.020,,,,,,,,,
,,,,,,,,,,,,,,10180,0.075,,,,,,,,,
,,,,,,,,,,,,,,10168,2.000,,,,,,,,,
,,,,,,,,,,,,,,10170,0.020,,,,,,,,,
,,,,,,,,,,,,,,10147,0.010,,,,,,,,,
,,,,,,,,,,,,,,10216,1.000,,,,,,,,,
,,,,,,,,,,,,,,10174,0.010,,,,,,,,,
,,,,,,,,,,,,,,10199,0.005,,,,,,,,,
,,,,,,,,,,,,,,10165,0.300,,,,,,,,,
,,,,,,,,,,,,,,10144,0.120,,,,,,,,,
galletas-dulces-detalles-üç™‚ù§Ô∏è‚Äçü©π,GAL-003,Galletas Detalles,Postres,,N,,,,,,,4.00,,,,N,,,,Y,4.00,,,
glaseado-de-los-roll,ING-PRE-003,Glaseado Rolls,Preparados,,N,,,,,,,,,10194,0.500,N,N,,,N,variable,,,
,,,,,,,,,,,,,,10177,0.200,,,,,,,,,
,,,,,,,,,,,,,,10144,0.300,,,,,,,,,
,,,,,,,,,,,,,,10129,0.010,,,,,,,,,
granola,ING-TOP-003,Granola,Toppings,,Y,,,,,,,16.00,,,,Y,,Yogurt,0.00,N,variable,0.000,,
guayoyo,ESP-003,Guayoyo,Espressos,,N,,,,,,,,,10001,0.020,N,N,,,Y,1.00,,,
harina-trigo-leudante,ING-SEC-001,Harina de Trigo,Secos,,Y,,,,,,,0.60,,,,Y,,Sra Yadira,0.60,N,variable,-5.721,3000.000,12000.000
helado,ING-HEL-001,Helado de Vainilla,Helados,,Y,,,,,,,3.54,,,,Y,,,3.54,N,3.54,-26.350,5000.000,20000.000
hielo,ING-HEL-002,Hielo,Helados,,Y,,,,,,,0.00,,,,N,,,,N,variable,,,
hierbabuena-1,ING-VEG-006,Hierbabuena,Vegetales,,Y,,,,,,,1.32,,,,Y,,Verduras B.O,1.25,N,variable,-0.240,200.000,500.000
huevos,ING-HUE-001,Huevos,Huevos,,N,,,,,,,0.13,,,,Y,,Tienda Huevos Esquina,0.13,N,variable,-157.307,15.000,45.000
huevos-de-la-casa-fritos,HUE-001,Huevos Fritos,Huevos,,N,,,,,,,,,10168,2.000,N,N,,,Y,4.50,,,
,,,,,,,,,,,,,,10186,0.500,,,,,,,,,
,,,,,,,,,,,,,,10199,0.001,,,,,,,,,
,,,,,,,,,,,,,,10192,0.001,,,,,,,,,
,,,,,,,,,,,,,,10259,0.001,,,,,,,,,
,,,,,,,,,,,,,,10177,0.025,,,,,,,,,
huevos-de-la-casa-omelette,HUE-003,Huevos Omelette,Huevos,,N,,,,,,,,,10186,0.500,N,N,,,Y,4.50,,,
,,,,,,,,,,,,,,10168,2.000,,,,,,,,,
,,,,,,,,,,,,,,10199,0.001,,,,,,,,,
,,,,,,,,,,,,,,10192,0.001,,,,,,,,,
,,,,,,,,,,,,,,10259,0.001,,,,,,,,,
,,,,,,,,,,,,,,10177,0.025,,,,,,,,,
huevos-de-la-casa-revueltos,HUE-002,Huevos Revueltos,Huevos,,N,,,,,,,,,10186,0.500,N,N,,,Y,4.50,,,
,,,,,,,,,,,,,,10168,2.000,,,,,,,,,
,,,,,,,,,,,,,,10199,0.001,,,,,,,,,
,,,,,,,,,,,,,,10192,0.001,,,,,,,,,
,,,,,,,,,,,,,,10259,0.001,,,,,,,,,
,,,,,,,,,,,,,,10177,0.025,,,,,,,,,
huevos-napolitanos,HUE-005,Huevos Napolitanos,Huevos,,N,,,,,,,2.50,,,,N,,,,Y,5.00,,,
huevos-turcos,HUE-004,Huevos Turcos,Huevos,,N,,,,,,,,,10186,0.500,N,N,,,Y,5.00,,,
,,,,,,,,,,,,,,10168,2.000,,,,,,,,,
,,,,,,,,,,,,,,10200,0.020,,,,,,,,,
,,,,,,,,,,,,,,10209,0.110,,,,,,,,,
,,,,,,,,,,,,,,10199,0.003,,,,,,,,,
,,,,,,,,,,,,,,10192,0.003,,,,,,,,,
ice-americano,ICE-003,Ice Americano,Caf√©s Fr√≠os,,N,,,,,,,,,10001,0.020,N,N,,,Y,1.50,,,
ice-caramelo,ICE-002,Ice Latte ‚Äì Caramelo,Caf√©s Fr√≠os,,N,,,,,,,,,10002,0.027,N,N,,,Y,3.50,,,
,,,,,,,,,,,,,,10001,0.020,,,,,,,,,
,,,,,,,,,,,,,,10015,0.060,,,,,,,,,
ice-mocaccino,ICE-004,Ice Chocolate,Caf√©s Fr√≠os,,N,,,,,,,,,10001,0.020,N,N,,,Y,3.50,,,
,,,,,,,,,,,,,,10002,0.027,,,,,,,,,
,,,,,,,,,,,,,,10205,0.022,,,,,,,,,
ice-coffee-coke,ICE-005,Ice Coffee Coke,Caf√©s Fr√≠os,,N,,,,,,,,,10001,0.020,N,N,,,Y,2.50,,,
,,,,,,,,,,,,,,10055,1.000,,,,,,,,,
ice-latte,ICE-001,Ice Latte,Caf√©s Fr√≠os,,N,,,,,,,,,10001,0.020,N,N,,,Y,2.50,,,
,,,,,,,,,,,,,,10002,0.027,,,,,,,,,
,,,,,,,,,,,,,,10142,0.040,,,,,,,,,
,,,,,,,,,,,,,,10129,0.005,,,,,,,,,
jamon-ahumado,ING-CAR-001,Jam√≥n Ahumado,Carnes,,N,,,,,,,12.53,,,,N,,,,N,variable,,,
jam√≥n-pierna,ING-CAR-002,Jam√≥n de Pierna,Carnes,,Y,,,,,,,9.50,,,,Y,,Carniceria,9.50,N,variable,-1.960,250.000,1000.000
jengibre,ING-VEG-008,Jengibre,Vegetales,,Y,,,,,,,5.50,,,,Y,,,5.50,N,variable,-0.022,,
laurel-en-hoja,ING-CON-007,Laurel,Condimentos,,N,,,,,,,0.25,,,,Y,,Verduras B.O,0.25,N,variable,0.000,1.000,2.000
leche-condensada,ING-LAC-002,Leche Condensada,L√°cteos,,Y,,,,,,,4.00,,,,Y,,Reposteria B.O,4.00,N,variable,-3.174,1000.000,5000.000
leche-deslactosada,EXT-006,Leche de Almendras,Extras,,N,,,,,,,0.50,,,,Y,,,0.00,Y,1.00,0.000,,
leche-de-avena,EXT-007,Leche de Avena,Extras,,N,,,,,,,0.00,,,,N,,,,Y,1.00,,,
leche-deslactosada-1,ING-LAC-001,Leche Deslactosada,L√°cteos,,Y,,,,,,,1.08,,,,Y,,Sra Yadira,1.08,N,variable,-0.120,3000.000,6000.000
leche-en-polvo,ING-LAC-003,Leche en Polvo,L√°cteos,,Y,,,,,,,7.44,,,,Y,,,7.44,N,variable,-29.936,5000.000,15000.000
lechuga-crespa,ING-VEG-004,Lechuga,Vegetales,,N,,,,,,,0.25,,,,Y,,Verduras B.O,0.25,N,variable,-5.050,1.000,3.000
levadura,ING-SEC-007,Levadura,Secos,,Y,,,,,,,7.50,,,,Y,,Reposteria B.O,7.50,N,variable,0.000,100.000,500.000
limonada-caf√©,BEB-003,Limonada ‚Äì Caf√©,Otras Bebidas,,N,,,,,,,,,10175,0.300,N,N,,,Y,3.00,,,
,,,,,,,,,,,,,,10142,0.015,,,,,,,,,
,,,,,,,,,,,,,,10001,0.020,,,,,,,,,
limonada,BEB-001,Limonada ‚Äì Cl√°sica,Otras Bebidas,,N,,,,,,,,,10175,0.300,N,N,,,Y,2.50,,,
,,,,,,,,,,,,,,10142,0.015,,,,,,,,,
limonada-hierbabuena,BEB-002,Limonada ‚Äì Hierbabuena,Otras Bebidas,,N,,,,,,,,,10175,0.300,N,N,,,Y,3.00,,,
,,,,,,,,,,,,,,10167,0.015,,,,,,,,,
,,,,,,,,,,,,,,10142,0.015,,,,,,,,,
limones,ING-FRU-005,Limones,Frutas,,Y,,,,,,,1.25,,,,Y,,Verduras B.O,1.25,N,variable,-8.700,,
machiatto,ESP-004,Macchiato,Espressos,,N,,,,,,,,,10001,0.020,N,N,,,Y,1.50,,,
,,,,,,,,,,,,,,10002,0.004,,,,,,,,,
mango-pulpa,ING-FRU-009,Mango ‚Äì Pulpa,Frutas,,Y,,,,,,,2.50,,,,Y,,Verduras B.O,2.50,N,variable,0.000,500.000,1500.000
mani,ING-TOP-004,Man√≠,Toppings,,Y,,,,,,,5.00,,,,Y,,Reposteria B.O,5.00,N,variable,-0.352,200.000,1000.000
mantequilla-sin-sal,ING-LAC-005,Mantequilla,L√°cteos,,Y,,,,,,,2.66,,,,Y,,,2.66,N,variable,-4.362,1000.000,10000.000
marquesa,POS-009,Marquesa,Postres,,N,,,,,,,1.50,,,,N,,,,Y,3.50,,,
marquesa--y-cafe,POS-010,Marquesa y Caf√©,Postres,,N,,,,,,,0.00,,,,N,,,,Y,4.00,,,
marshmelo,ING-TOP-006,Marshmallows,Toppings,,N,,,,,,,0.10,,,,Y,,,2.50,N,variable,-25.000,,
masa-de-galletas,ING-PRE-001,Masa Galletas,Preparados,,N,,,,,,,,,10165,0.250,N,N,,,N,variable,,,
,,,,,,,,,,,,,,10168,1.000,,,,,,,,,
,,,,,,,,,,,,,,10142,0.100,,,,,,,,,
,,,,,,,,,,,,,,10143,0.060,,,,,,,,,
,,,,,,,,,,,,,,10177,0.120,,,,,,,,,
,,,,,,,,,,,,,,10199,0.005,,,,,,,,,
,,,,,,,,,,,,,,10207,0.005,,,,,,,,,
,,,,,,,,,,,,,,10153,0.070,,,,,,,,,
masa-de-waffles,ING-PRE-002,Masa de Waffles,Preparados,,Y,,,,,,,0.96,,10168,2.000,N,Y,,,N,variable,-5.060,,
,,,,,,,,,,,,,,10002,0.064,,,,,,,,,
,,,,,,,,,,,,,,10142,0.036,,,,,,,,,
,,,,,,,,,,,,,,10207,0.010,,,,,,,,,
,,,,,,,,,,,,,,10165,0.250,,,,,,,,,
matcha-latte,CEP-006,Matcha Latte,Caf√©s Especiales,,N,,,,,,,,,10050,1.000,N,N,,,Y,2.00,,,
,,,,,,,,,,,,,,10202,0.012,,,,,,,,,
mayonesa,ING-CON-001,Mayonesa,Condimentos,,Y,,,,,,,2.46,,,,N,,,,N,variable,,,
merengada-arequipe,MER-003,Merengada ‚Äì Arequipe,Merengadas,,N,,,,,,,,,10019,0.200,N,N,,,Y,5.00,,,
,,,,,,,,,,,,,,10002,0.008,,,,,,,,,
,,,,,,,,,,,,,,10015,0.060,,,,,,,,,
merengada-choco-brownie,MER-004,Merengada ‚Äì Choco Enigma,Merengadas,,N,,,,,,,,,10019,0.200,N,N,,,Y,6.00,,,
,,,,,,,,,,,,,,10002,0.008,,,,,,,,,
,,,,,,,,,,,,,,10155,0.060,,,,,,,,,
,,,,,,,,,,,,,,10034,1.000,,,,,,,,,
merengada-cocosette,MER-005,Merengada ‚Äì Cocosette,Merengadas,,N,,,,,,,,,10002,0.008,N,N,,,Y,5.00,,,
,,,,,,,,,,,,,,10015,0.060,,,,,,,,,
,,,,,,,,,,,,,,10019,0.200,,,,,,,,,
,,,,,,,,,,,,,,10032,1.000,,,,,,,,,
merengada-fresa,MER-002,Merengada ‚Äì Fresa,Merengadas,,N,,,,,,,,,10002,0.008,N,N,,,Y,5.00,,,
,,,,,,,,,,,,,,10008,0.060,,,,,,,,,
,,,,,,,,,,,,,,10019,0.200,,,,,,,,,
,,,,,,,,,,,,,,10022,0.060,,,,,,,,,
,,,,,,,,,,,,,,10162,0.100,,,,,,,,,
merengada-oreo,MER-001,Merengada ‚Äì Oreo,Merengadas,,N,,,,,,,,,10002,0.008,N,N,,,Y,5.00,,,
,,,,,,,,,,,,,,10155,0.060,,,,,,,,,
,,,,,,,,,,,,,,10019,0.200,,,,,,,,,
,,,,,,,,,,,,,,10029,1.000,,,,,,,,,
mermelada-de-fresa,ING-FRU-010,Mermelada de Fresa,Frutas,,Y,,,,,,,,,10162,0.100,N,N,,,N,variable,,,
mezcla-de-yogurt-griego-(4unid.),ING-LAC-013,Yogurt Griego ‚Äì Mezcla 4u,L√°cteos,,N,,,,,,,,,10209,0.120,N,N,,,N,variable,,,
,,,,,,,,,,,,,,10180,0.005,,,,,,,,,
,,,,,,,,,,,,,,10175,0.200,,,,,,,,,
,,,,,,,,,,,,,,10199,0.005,,,,,,,,,
,,,,,,,,,,,,,,10129,0.005,,,,,,,,,
miel-1,ING-TOP-002,Miel,Toppings,,Y,,,,,,,2.41,,,,Y,,,2.41,N,variable,-0.243,1000.000,4200.000
mocacchino,LAT-006,Mocaccino ‚Äì Grande,Lattes,,N,,,,,,,,,10001,0.020,N,N,,,Y,3.50,,,
,,,,,,,,,,,,,,10002,0.044,,,,,,,,,
,,,,,,,,,,,,,,10205,0.030,,,,,,,,,
mocacchino-llevar,LAT-005,Mocaccino ‚Äì Peque√±o,Lattes,,N,,,,,,,,,10001,0.020,N,N,,,Y,3.25,,,
,,,,,,,,,,,,,,10002,0.060,,,,,,,,,
mocacchino-peque√±o,LAT-005,Mocaccino ‚Äì Peque√±o,Lattes,,N,,,,,,,,,10001,0.010,N,N,,,Y,2.50,,,
,,,,,,,,,,,,,,10002,0.030,,,,,,,,,
,,,,,,,,,,,,,,10205,0.015,,,,,,,,,
mora,ING-FRU-003,Mora,Frutas,,Y,,,,,,,1.00,,,,Y,,Verduras B.O,1.00,N,variable,-0.400,1000.000,3.000
mora-congelada,ING-FRU-004,Mora ‚Äì Congelada,Frutas,,Y,,,,,,,1.00,,,,Y,,Verduras B.O,1.00,N,variable,0.000,1000.000,3000.000
mostaza-1,10235,Mostaza,,,N,,,,,,,25.00,,,,N,,,,Y,variable,,,
naranjas,ING-FRU-006,Naranjas,Frutas,,Y,,,,,,,0.53,,,,Y,,Verduras B.O,0.25,N,variable,-2.600,2000.000,4000.000
nestea,ING-TES-001,Nestea,T√©s,,Y,,,,,,,13.63,,,,Y,,,13.63,N,variable,0.000,500.000,2000.000
nueces,ING-TOP-005,Nueces,Toppings,,Y,,,,,,,19.00,,,,Y,,Reposteria B.O,19.00,N,variable,-0.242,100.000,500.000
nuez-moscada,ING-CON-009,Nuez Moscada,Condimentos,,N,,,,,,,0.14,,,,N,,,,N,variable,,,
omele,OML-001,Omelette ‚Äì Cl√°sico,Huevos,,N,,,,,,,2.76,,10231,0.250,N,Y,,,Y,variable,0.000,,
,,,,,,,,,,,,,,10195,0.050,,,,,,,,,
,,,,,,,,,,,,,,10169,0.035,,,,,,,,,
,,,,,,,,,,,,,,10204,0.090,,,,,,,,,
,,,,,,,,,,,,,,10236,0.500,,,,,,,,,
,,,,,,,,,,,,,,10168,4.000,,,,,,,,,
,,,,,,,,,,,,,,10186,0.250,,,,,,,,,
omelette-clasico,OML-001,Omelette ‚Äì Cl√°sico,Huevos,,N,,,,,,,,,10168,4.000,N,N,,,Y,variable,,,
,,,,,,,,,,,,,,10177,0.025,,,,,,,,,
,,,,,,,,,,,,,,10002,0.002,,,,,,,,,
,,,,,,,,,,,,,,10259,0.001,,,,,,,,,
,,,,,,,,,,,,,,10199,0.001,,,,,,,,,
,,,,,,,,,,,,,,10192,0.001,,,,,,,,,
omelette-de-queso,OML-002,Omelette ‚Äì Queso,Huevos,,N,,,,,,,,,10260,1.000,N,N,,,Y,variable,,,
,,,,,,,,,,,,,,10196,0.025,,,,,,,,,
omelette-de-queso-y-jamon,OML-003,Omelette ‚Äì Jam√≥n y Queso,Huevos,,N,,,,,,,,,10261,1.000,N,N,,,Y,variable,,,
,,,,,,,,,,,,,,10169,0.035,,,,,,,,,
omelette-de-queso-y-tocineta,OML-004,Omelette ‚Äì Tocineta,Huevos,,N,,,,,,,,,10261,1.000,N,N,,,Y,variable,,,
,,,,,,,,,,,,,,10204,0.090,,,,,,,,,
orange-coffee,ICE-008,Orange Coffee,Caf√©s Fr√≠os,,N,,,,,,,,,10001,0.020,N,N,,,Y,3.00,,,
,,,,,,,,,,,,,,10183,0.600,,,,,,,,,
oregano,10259,Oregano,Panader√≠a ¬∑ Panes & Bases,,N,,,,,,,25.00,,,,N,,,,Y,variable,,,
oreo,ING-TOP-001,Oreos,Toppings,,N,,,,,,,0.27,,,,Y,,Confiteria Sebas,0.27,N,variable,-21.000,12.000,36.000
pan-de-bagel,ING-PAN-001,Pan de Bagel,Panader√≠a,,N,,,,,,,0.21,,,,Y,,Kamut,0.21,N,variable,-22.000,12.000,24.000
pan-de-panini,ING-PAN-002,Pan de Panini,Panader√≠a,,N,,,,,,,0.21,,,,Y,,Kamut,0.21,N,variable,-39.000,12.000,24.000
pan-integral-(15unid.),ING-PAN-003,Pan Integral ‚Äì 15u,Panader√≠a,,N,,,,,,,5.00,,,,N,,,,N,variable,,,
panini-amanecer,PAN-005,Panini ‚Äì Amanecer,Paninis,,N,,,,,,,1.87,,10195,0.075,N,Y,,,Y,variable,0.000,,
,,,,,,,,,,,,,,10169,0.070,,,,,,,,,
,,,,,,,,,,,,,,10177,0.020,,,,,,,,,
,,,,,,,,,,,,,,10186,1.000,,,,,,,,,
,,,,,,,,,,,,,,10168,2.000,,,,,,,,,
panini-capressa-1,PAN-002,Panini ‚Äì Capresa,Paninis,,N,,,,,,,,,10186,1.000,N,N,,,Y,5.00,,,
,,,,,,,,,,,,,,10206,0.143,,,,,,,,,
,,,,,,,,,,,,,,10196,0.100,,,,,,,,,
,,,,,,,,,,,,,,10200,0.024,,,,,,,,,
,,,,,,,,,,,,,,10177,0.014,,,,,,,,,
panini-clasico,PAN-001,Panini ‚Äì Cl√°sico,Paninis,,N,,,,,,,,,10186,1.000,N,N,,,Y,5.00,,,
,,,,,,,,,,,,,,10195,0.075,,,,,,,,,
,,,,,,,,,,,,,,10169,0.070,,,,,,,,,
,,,,,,,,,,,,,,10206,0.143,,,,,,,,,
,,,,,,,,,,,,,,10173,0.200,,,,,,,,,
,,,,,,,,,,,,,,10201,0.024,,,,,,,,,
,,,,,,,,,,,,,,10177,0.014,,,,,,,,,
panini-de-pollo,PAN-003,Panini ‚Äì Pollo,Paninis,,N,,,,,,,,,10190,0.150,N,N,,,Y,6.00,,,
,,,,,,,,,,,,,,10186,1.000,,,,,,,,,
,,,,,,,,,,,,,,10206,0.143,,,,,,,,,
,,,,,,,,,,,,,,10173,0.200,,,,,,,,,
,,,,,,,,,,,,,,10177,0.020,,,,,,,,,
,,,,,,,,,,,,,,10196,0.075,,,,,,,,,
,,,,,,,,,,,,,,10201,0.025,,,,,,,,,
panini-de-queso,PAN-004,Panini ‚Äì Queso,Paninis,,N,,,,,,,,,10186,1.000,N,N,,,Y,variable,,,
,,,,,,,,,,,,,,10195,0.050,,,,,,,,,
,,,,,,,,,,,,,,10196,0.050,,,,,,,,,
,,,,,,,,,,,,,,10177,0.014,,,,,,,,,
,,,,,,,,,,,,,,10212,0.005,,,,,,,,,
papas-chiss,SNK-003,Papas Chips,Snacks,,N,,,,,,,1.06,,,,N,,,,Y,variable,,,
paprika,ING-CON-006,Paprika,Condimentos,,N,,,,,,,0.25,,,,Y,,Verduras B.O,0.25,N,variable,0.000,1.000,2.000
parchita-pulpa,ING-FRU-008,Parchita ‚Äì Pulpa,Frutas,,Y,,,,,,,2.50,,,,Y,,Verduras B.O,2.50,N,variable,0.000,1000.000,2000.000
parfait,POS-011,Parfait,Postres,,N,,,,,,,2.00,,,,N,,,,Y,4.50,,,
parfait-1,POS-011,Parfait,Postres,,N,,,,,,,,,10209,0.150,N,N,,,Y,variable,,,
,,,,,,,,,,,,,,10164,0.060,,,,,,,,,
,,,,,,,,,,,,,,10162,0.105,,,,,,,,,
,,,,,,,,,,,,,,10022,0.035,,,,,,,,,
pechuga-pollo,ING-CAR-004,Pechuga de Pollo,Carnes,,Y,,,,,,,13.15,,,,Y,,Carniceria,5.00,N,variable,-2.850,1000.000,
pie-de-limon,POS-015,Pie de Lim√≥n,Postres,,N,,,,,,,0.00,,,,N,,,,Y,5.00,,,
pimienta-en-pepa,ING-CON-004,Pimienta en Grano,Condimentos,,N,,,,,,,0.25,,,,Y,,,0.25,N,variable,0.000,1.000,2.000
pimienta-en-polvo,ING-CON-005,Pimienta Molida,Condimentos,,N,,,,,,,26.32,,,,Y,,Verduras B.O,0.25,N,variable,-0.067,1.000,2.000
polvo-para-hornear,ING-SEC-005,Polvo para Hornear,Secos,,Y,,,,,,,4.00,,,,Y,,,4.00,N,variable,-0.048,200.000,500.000
postre-del-d√≠a-1,POS-016,Postre del D√≠a,Postres,,N,,,,,,,0.00,,,,N,,,,Y,4.00,,,
postre-del-d√≠a,POS-016,Postre del D√≠a,Postres,,N,,,,,,,2.00,,,,N,,,,Y,4.00,,,
pq.-de-galletas-jengibre-(5-unid.),GAL-001,Galletas Jengibre ‚Äì 5u,Postres,,N,,,,,,,,,10240,0.250,N,N,,,Y,variable,,,
queso-amarillo,ING-LAC-006,Queso Amarillo,L√°cteos,,Y,,,,,,,12.50,,,,Y,,Maxiqueso,12.50,N,variable,-3.800,500.000,1000.000
queso-crema-gaby,ING-LAC-007,Queso Crema,L√°cteos,,Y,,,,,,,23.90,,,,Y,,Hyper Baratta,23.90,N,variable,-1.655,500.000,1000.000
queso-mozarella,ING-LAC-008,Queso Mozzarella,L√°cteos,,Y,,,,,,,6.50,,,,Y,,Maxiqueso,6.50,N,variable,-1.100,500.000,1500.000
queso-pecorino,ING-LAC-009,Queso Pecorino,L√°cteos,,Y,,,,,,,34.00,,,,Y,,Maxiqueso,0.00,N,variable,-0.010,,
queso-ricotta,ING-LAC-010,Queso Ricotta,L√°cteos,,Y,,,,,,,0.00,,,,Y,,Maxiqueso,,N,variable,0.000,,
roll-de-canela,POS-008,Roll de Canela,Postres,,N,,,,,,,,,10257,0.125,N,N,,,Y,2.50,,,
,,,,,,,,,,,,,,10258,0.010,,,,,,,,,
rolls-de-canela-(8-unid.),ING-PRE-004,Rolls de Canela ‚Äì 8u,Preparados,,N,,,,,,,,,10165,0.250,N,N,,,N,variable,,,
,,,,,,,,,,,,,,10002,0.010,,,,,,,,,
,,,,,,,,,,,,,,10174,0.006,,,,,,,,,
,,,,,,,,,,,,,,10168,1.000,,,,,,,,,
,,,,,,,,,,,,,,10143,0.150,,,,,,,,,
,,,,,,,,,,,,,,10129,0.005,,,,,,,,,
,,,,,,,,,,,,,,10180,0.010,,,,,,,,,
,,,,,,,,,,,,,,10199,0.005,,,,,,,,,
,,,,,,,,,,,,,,10177,0.140,,,,,,,,,
,,,,,,,,,,,,,,10147,0.035,,,,,,,,,
romero,10237,Romero,Condimentos y aceites,,N,,,,,,,10.00,,,,N,,,,Y,variable,,,
sal,ING-SEC-004,Sal,Secos,,Y,,,,,,,1.32,,,,Y,,,0.00,N,variable,-0.104,,
salsa-de-cesar,10234,SALSA DE CESAR,Preparaciones base ¬∑ Salsas & Sirops,,N,,,,,,,,,10168,12.000,N,N,,,Y,variable,,,
,,,,,,,,,,,,,,10208,0.010,,,,,,,,,
,,,,,,,,,,,,,,10199,0.010,,,,,,,,,
,,,,,,,,,,,,,,10192,0.010,,,,,,,,,
,,,,,,,,,,,,,,10136,1.000,,,,,,,,,
,,,,,,,,,,,,,,10235,0.010,,,,,,,,,
,,,,,,,,,,,,,,10182,0.020,,,,,,,,,
salsa-de-queso,ING-CON-010,Salsa de Queso,Condimentos,,N,,,,,,,,,10125,1.000,N,N,,,N,variable,,,
,,,,,,,,,,,,,,10213,3.340,,,,,,,,,
salsa-pesto,ING-PRE-010,Salsa Pesto,Preparados,,Y,,,,,,,,,10140,0.320,N,N,,,N,variable,,,
,,,,,,,,,,,,,,10197,0.120,,,,,,,,,
,,,,,,,,,,,,,,10141,0.120,,,,,,,,,
,,,,,,,,,,,,,,10130,0.500,,,,,,,,,
,,,,,,,,,,,,,,10199,0.010,,,,,,,,,
,,,,,,,,,,,,,,10192,0.010,,,,,,,,,
salsa-tartara,ING-PRE-011,Salsa T√°rtara,Preparados,,Y,,,,,,,4.13,,10125,1.000,N,Y,,,N,variable,-0.548,,
,,,,,,,,,,,,,,10122,3.340,,,,,,,,,
sandwich-de-queso,SNK-004,Sandwich de Queso,Snacks,,N,,,,,,,1.26,,10195,0.050,N,Y,,,Y,variable,0.000,,
,,,,,,,,,,,,,,10196,0.050,,,,,,,,,
,,,,,,,,,,,,,,10186,1.000,,,,,,,,,
,,,,,,,,,,,,,,10177,0.020,,,,,,,,,
,,,,,,,,,,,,,,10201,0.012,,,,,,,,,
sandwich-helado,POS-014,Sandwich Helado,Postres,,N,,,,,,,,,10218,0.200,N,N,,,Y,4.00,,,
,,,,,,,,,,,,,,10019,0.100,,,,,,,,,
,,,,,,,,,,,,,,10155,0.030,,,,,,,,,
servicio-teque√±os,SNK-001,Teque√±os ‚Äì 6 unidades,Snacks,,N,,,,,,,,,10037,5.000,N,N,,,Y,4.50,,,
sirope-chocolate,ING-CHO-007,Sirope Chocolate,Chocolates,,Y,,,,,,,12.00,,,,Y,,,0.00,N,variable,-1.110,,
sirope-frutos-amarillos,ING-SIR-001,Sirope Frutos Amarillos,Siropes,,Y,,,,,,,2.00,,10189,0.333,N,Y,,,N,variable,-1.100,,
,,,,,,,,,,,,,,10211,0.333,,,,,,,,,
,,,,,,,,,,,,,,10142,0.250,,,,,,,,,
,,,,,,,,,,,,,,10175,0.067,,,,,,,,,
,,,,,,,,,,,,,,10183,0.067,,,,,,,,,
sirope-frutos-rojos,ING-SIR-002,Sirope Frutos Rojos,Siropes,,Y,,,,,,,1.44,,10162,0.333,N,Y,,,N,variable,-3.440,,
,,,,,,,,,,,,,,10179,0.333,,,,,,,,,
,,,,,,,,,,,,,,10142,0.333,,,,,,,,,
,,,,,,,,,,,,,,10175,0.033,,,,,,,,,
sirope-manzana-verde,ING-SIR-003,Sirope Manzana Verde,Siropes,,Y,,,,,,,15.00,,,,Y,,Sirops,15.00,N,variable,-0.390,,
sobre-de-salsa-de-queso,ING-CON-011,Salsa de Queso ‚Äì Sobre,Condimentos,,N,,,,,,,0.50,,,,N,,,,N,variable,,,
sobre-salsa-tartara,ING-CON-012,Salsa T√°rtara ‚Äì Sobre,Condimentos,,N,,,,,,,0.50,,,,N,,,,N,variable,,,
soda-(pq-de-12),ING-BEB-003,Soda ‚Äì Paquete 12u,Bebidas,,N,,,,,,,8.00,,,,N,,,,N,variable,,,
soda-siciliana-amarillo,BEB-006,Soda Siciliana ‚Äì Amarilla,Otras Bebidas,,N,,,,,,,,,10226,0.084,N,N,,,Y,3.50,,,
,,,,,,,,,,,,,,10021,0.070,,,,,,,,,
soda-siciliana-roja,BEB-004,Soda Siciliana ‚Äì Roja,Otras Bebidas,,N,,,,,,,,,10226,0.084,N,N,,,Y,3.50,,,
,,,,,,,,,,,,,,10022,0.070,,,,,,,,,
soda-siciliana-verde,BEB-005,Soda Siciliana ‚Äì Verde,Otras Bebidas,,N,,,,,,,,,10226,0.084,N,N,,,Y,3.50,,,
,,,,,,,,,,,,,,10023,0.070,,,,,,,,,
splenda-(700-sobres),10044,Splenda (700 sobres),,,N,,,,,,,23.70,,,,N,,,,Y,variable,,,
t√©-/-infusiones,TES-001,T√© Caliente,T√©s,,N,,,,,,,0.20,,,,N,,,,Y,1.50,,,
t√©-helado,TES-003,T√© Helado,T√©s,,N,,,,,,,0.60,,,,N,,,,Y,2.00,,,
t√©-matcha,TES-002,T√© Matcha,T√©s,,N,,,,,,,0.50,,,,N,,,,Y,1.50,,,
te-matcha-1,ING-CAF-002,T√© Matcha (Ingrediente),Caf√©,,Y,,,,,,,60.00,,,,Y,,,0.00,N,variable,-0.060,,
teque√±os,ING-CAR-005,Teque√±os,Carnes,,N,,,,,,,0.31,,,,Y,,,0.31,N,variable,-575.000,20.000,80.000
tocineta,ING-CAR-003,Tocineta,Carnes,,Y,,,,,,,17.10,,,,Y,,Carniceria,17.10,N,variable,-4.480,500.000,1500.000
toddy-1,ING-CHO-009,Toddy,Chocolates,,Y,,,,,,,10.50,,,,Y,,,10.50,N,variable,-1.909,1000.000,2000.000
tomate,ING-VEG-001,Tomate,Vegetales,,Y,,,,,,,1.50,,,,Y,,Verduras B.O,1.50,N,variable,-4.204,1000.000,2000.000
choco-enigma,TOR-001,Torta ‚Äì Chocolate,Postres,,N,,,,,,,,,10217,0.167,N,N,,,Y,4.50,,,
torta-de-banana,TOR-004,Torta ‚Äì Banana,Postres,,N,,,,,,,,,10246,0.167,N,N,,,Y,variable,,,
pan-de-banana-(10unid.),ING-PRE-005,Torta Banana ‚Äì 6 porciones,Preparados,,N,,,,,,,,,10168,2.000,N,N,,,N,variable,,,
,,,,,,,,,,,,,,10143,0.090,,,,,,,,,
,,,,,,,,,,,,,,10136,0.040,,,,,,,,,
,,,,,,,,,,,,,,10245,0.100,,,,,,,,,
,,,,,,,,,,,,,,10002,0.008,,,,,,,,,
,,,,,,,,,,,,,,10129,0.010,,,,,,,,,
,,,,,,,,,,,,,,10165,0.125,,,,,,,,,
,,,,,,,,,,,,,,10193,0.005,,,,,,,,,
,,,,,,,,,,,,,,10194,0.225,,,,,,,,,
,,,,,,,,,,,,,,10209,0.050,,,,,,,,,
,,,,,,,,,,,,,,10044,0.002,,,,,,,,,
torta-de-chocolate-completa,ING-PRE-007,Torta Chocolate ‚Äì Completa,Preparados,,N,,,,,,,,,10165,0.360,N,N,,,N,variable,,,
,,,,,,,,,,,,,,10168,4.000,,,,,,,,,
,,,,,,,,,,,,,,10142,0.500,,,,,,,,,
,,,,,,,,,,,,,,10002,0.044,,,,,,,,,
,,,,,,,,,,,,,,10146,0.120,,,,,,,,,
,,,,,,,,,,,,,,10136,0.240,,,,,,,,,
,,,,,,,,,,,,,,10208,0.010,,,,,,,,,
,,,,,,,,,,,,,,10207,0.005,,,,,,,,,
,,,,,,,,,,,,,,10193,0.015,,,,,,,,,
,,,,,,,,,,,,,,10199,0.010,,,,,,,,,
,,,,,,,,,,,,,,10153,0.620,,,,,,,,,
,,,,,,,,,,,,,,10048,0.400,,,,,,,,,
,,,,,,,,,,,,,,10177,0.100,,,,,,,,,
torta-de-vainilla-y-naranja,TOR-005,Torta ‚Äì Vainilla Naranja,Postres,,N,,,,,,,,,10249,0.167,N,N,,,Y,variable,,,
torta-de-vainilla-y-naranja-(10und.),ING-PRE-006,Torta Vainilla Naranja ‚Äì 6 porciones,Preparados,,N,,,,,,,,,10177,0.200,N,N,,,N,variable,,,
,,,,,,,,,,,,,,10142,0.200,,,,,,,,,
,,,,,,,,,,,,,,10168,4.000,,,,,,,,,
,,,,,,,,,,,,,,10129,0.010,,,,,,,,,
,,,,,,,,,,,,,,10165,0.250,,,,,,,,,
,,,,,,,,,,,,,,10193,0.111,,,,,,,,,
,,,,,,,,,,,,,,10183,0.005,,,,,,,,,
,,,,,,,,,,,,,,10194,0.225,,,,,,,,,
,,,,,,,,,,,,,,10209,0.050,,,,,,,,,
,,,,,,,,,,,,,,10044,0.002,,,,,,,,,
torta-de-zanahoria-completa,ING-PRE-008,Torta Zanahoria ‚Äì Completa,Preparados,,N,,,,,,,,,10142,0.120,N,N,,,N,variable,,,
,,,,,,,,,,,,,,10143,0.240,,,,,,,,,
,,,,,,,,,,,,,,10136,0.300,,,,,,,,,
,,,,,,,,,,,,,,10168,6.000,,,,,,,,,
,,,,,,,,,,,,,,10170,0.010,,,,,,,,,
,,,,,,,,,,,,,,10147,0.020,,,,,,,,,
,,,,,,,,,,,,,,10146,0.010,,,,,,,,,
,,,,,,,,,,,,,,10165,0.350,,,,,,,,,
,,,,,,,,,,,,,,10210,0.500,,,,,,,,,
,,,,,,,,,,,,,,10199,0.010,,,,,,,,,
,,,,,,,,,,,,,,10193,0.010,,,,,,,,,
,,,,,,,,,,,,,,10185,0.070,,,,,,,,,
,,,,,,,,,,,,,,10176,0.100,,,,,,,,,
,,,,,,,,,,,,,,10177,0.100,,,,,,,,,
,,,,,,,,,,,,,,10144,0.125,,,,,,,,,
,,,,,,,,,,,,,,10194,0.250,,,,,,,,,
,,,,,,,,,,,,,,10216,0.500,,,,,,,,,
torta-red-velvet,TOR-002,Torta ‚Äì Red Velvet,Postres,,N,,,,,,,,,10215,0.167,N,N,,,Y,4.50,,,
torta-red-velvet-completa,ING-PRE-009,Torta Red Velvet ‚Äì Completa,Preparados,,N,,,,,,,,,10165,0.350,N,N,,,N,variable,,,
,,,,,,,,,,,,,,10168,4.000,,,,,,,,,
,,,,,,,,,,,,,,10142,0.300,,,,,,,,,
,,,,,,,,,,,,,,10146,0.050,,,,,,,,,
,,,,,,,,,,,,,,10208,0.010,,,,,,,,,
,,,,,,,,,,,,,,10158,0.500,,,,,,,,,
,,,,,,,,,,,,,,10048,0.250,,,,,,,,,
,,,,,,,,,,,,,,10177,0.100,,,,,,,,,
,,,,,,,,,,,,,,10144,0.125,,,,,,,,,
,,,,,,,,,,,,,,10194,0.250,,,,,,,,,
,,,,,,,,,,,,,,10136,0.300,,,,,,,,,
torta-zanahoria,TOR-003,Torta ‚Äì Zanahoria,Postres,,N,,,,,,,,,10108,0.167,N,N,,,Y,4.50,,,
tostada-con-pesto,TOS-003,Tostada ‚Äì Pesto,Tostadas,,N,,,,,,,,,10168,2.000,N,N,,,Y,variable,,,
,,,,,,,,,,,,,,10253,0.134,,,,,,,,,
,,,,,,,,,,,,,,10194,0.080,,,,,,,,,
,,,,,,,,,,,,,,10200,0.040,,,,,,,,,
,,,,,,,,,,,,,,10141,0.012,,,,,,,,,
,,,,,,,,,,,,,,10199,0.004,,,,,,,,,
,,,,,,,,,,,,,,10192,0.004,,,,,,,,,
,,,,,,,,,,,,,,10188,0.004,,,,,,,,,
,,,,,,,,,,,,,,10177,0.015,,,,,,,,,
tostada-de-aguacate,TOS-001,Tostada ‚Äì Aguacate,Tostadas,,N,,,,,,,,,10186,0.500,N,N,,,Y,variable,,,
,,,,,,,,,,,,,,10199,0.005,,,,,,,,,
,,,,,,,,,,,,,,10192,0.005,,,,,,,,,
,,,,,,,,,,,,,,10229,0.005,,,,,,,,,
,,,,,,,,,,,,,,10177,0.014,,,,,,,,,
,,,,,,,,,,,,,,10196,0.050,,,,,,,,,
,,,,,,,,,,,,,,10231,0.250,,,,,,,,,
,,,,,,,,,,,,,,10168,2.000,,,,,,,,,
tostadas-de-granola,TOS-002,Tostada ‚Äì Granola,Tostadas,,N,,,,,,,,,10254,0.500,N,N,,,Y,variable,,,
,,,,,,,,,,,,,,10253,0.134,,,,,,,,,
,,,,,,,,,,,,,,10164,0.015,,,,,,,,,
,,,,,,,,,,,,,,10180,0.005,,,,,,,,,
,,,,,,,,,,,,,,10175,0.010,,,,,,,,,
vainilla,10129,Vainilla,Ingredientes,,N,,,,,,,15.00,,,,Y,,Sirops,15.00,Y,variable,-0.121,1.000,2.000
vainilla-negra,ING-ESE-002,Vainilla Negra,Esencias,,Y,,,,,,,4.00,,,,Y,,Reposteria B.O,4.00,N,variable,-0.315,500.000,1500.000
vaso-para-llevar,ING-DES-001,Vaso para Llevar,Desechables,,N,,,,,,,0.25,,,,N,,,,N,variable,,,
vinagre,ING-CON-002,Vinagre,Condimentos,,Y,,,,,,,0.50,,,,Y,,,0.00,N,variable,-0.031,,
vinagre-balsamico,ING-CON-003,Vinagre Bals√°mico,Condimentos,,N,,,,,,,20.00,,,,N,,,,N,variable,,,
waffle-americano,WAF-004,Waffle ‚Äì Americano,Waffles,,N,,,,,,,,,10106,0.110,N,N,,,Y,4.00,,,
,,,,,,,,,,,,,,10168,2.000,,,,,,,,,
,,,,,,,,,,,,,,10204,0.090,,,,,,,,,
,,,,,,,,,,,,,,10180,0.024,,,,,,,,,
,,,,,,,,,,,,,,10177,0.014,,,,,,,,,
waffle-clasico,WAF-001,Waffle ‚Äì Cl√°sico,Waffles,,N,,,,,,,,,10106,0.110,N,N,,,Y,3.00,,,
,,,,,,,,,,,,,,10155,0.060,,,,,,,,,
,,,,,,,,,,,,,,10008,0.060,,,,,,,,,
,,,,,,,,,,,,,,10015,0.060,,,,,,,,,
waffle-con-frutas,WAF-002,Waffle ‚Äì Frutas,Waffles,,N,,,,,,,,,10106,0.110,N,N,,,Y,4.50,,,
,,,,,,,,,,,,,,10155,0.060,,,,,,,,,
,,,,,,,,,,,,,,10015,0.060,,,,,,,,,
,,,,,,,,,,,,,,10008,0.060,,,,,,,,,
,,,,,,,,,,,,,,10162,0.120,,,,,,,,,
,,,,,,,,,,,,,,10177,0.008,,,,,,,,,
waffle-enigma,WAF-003,Waffle ‚Äì Helado,Waffles,,N,,,,,,,,,10106,0.110,N,N,,,Y,4.50,,,
,,,,,,,,,,,,,,10019,0.100,,,,,,,,,
,,,,,,,,,,,,,,10155,0.060,,,,,,,,,
,,,,,,,,,,,,,,10015,0.060,,,,,,,,,
,,,,,,,,,,,,,,10008,0.060,,,,,,,,,
,,,,,,,,,,,,,,10177,0.008,,,,,,,,,
waffle-salado-1,WAF-005,Waffle ‚Äì Salado,Waffles,,N,,,,,,,1.50,,,,N,,,,Y,4.50,,,
salado-waffle,WAF-005,Waffle ‚Äì Salado,Waffles,,N,,,,,,,,,10106,0.110,N,N,,,Y,variable,,,
,,,,,,,,,,,,,,10195,0.050,,,,,,,,,
,,,,,,,,,,,,,,10169,0.070,,,,,,,,,
,,,,,,,,,,,,,,10180,0.024,,,,,,,,,
,,,,,,,,,,,,,,10177,0.014,,,,,,,,,
yogurt-griego,ING-LAC-011,Yogurt Griego,L√°cteos,,Y,,,,,,,8.00,,,,Y,,Yogurt,8.00,N,variable,-0.200,1000.000,2000.000
zanahoria,ING-VEG-005,Zanahoria,Vegetales,,Y,,,,,,,0.75,,,,Y,,Verduras B.O,0.75,N,variable,-1.826,1000.000,2000.000
üéÑ-botella-de-ponche,NAV-007,üéÑ Botella Ponche,Temporada,,N,,,,,,,0.00,,,,N,,,,Y,13.00,,,
üéÑ-brownie-navide√±o,NAV-001,üéÑ Brownie Navide√±o,Temporada,,N,,,,,,,0.00,,,,N,,,,Y,4.00,,,
üéÑ-delicia-navide√±a,NAV-006,üéÑ Delicia Navide√±a,Temporada,,N,,,,,,,0.00,,,,N,,,,Y,5.00,,,
üéÑ-galleta-navide√±a,NAV-002,üéÑ Galleta Navide√±a,Temporada,,N,,,,,,,0.00,,,,N,,,,Y,2.00,,,
üéÑ-kit-5-de-jengibre,NAV-003,üéÑ Kit Jengibre 5u,Temporada,,N,,,,,,,0.00,,,,N,,,,Y,3.00,,,
üéÑ-ponche-latte,NAV-004,üéÑ Ponche Latte,Temporada,,N,,,,,,,0.00,,,,N,,,,Y,3.50,,,
üéÑ-ponche-navide√±o,NAV-005,üéÑ Ponche Navide√±o,Temporada,,N,,,,,,,0.00,,,,N,,,,Y,4.00,,,
